tweet_id,name,rating_numerator,rating_denominator,stages
890240255349198849,Cassie,14.0,10,doggo
884162670584377345,Yogi,12.0,10,doggo
872967104147763200,None,12.0,10,doggo
871515927908634625,Napolean,12.0,10,doggo
871102520638267392,None,14.0,10,doggo
869596645499047938,Scout,12.0,10,doggo
858843525470990336,None,13.0,10,doggo
855851453814013952,None,13.0,10,doggo
854010172552949760,None,11.0,10,doggo
846514051647705089,Barney,13.0,10,doggo
845397057150107648,Mimosa,13.0,10,doggo
836753516572119041,Meera,12.0,10,doggo
834574053763584002,None,13.0,10,doggo
834089966724603904,None,10.0,10,doggo
832998151111966721,Rhino,13.0,10,doggo
832273440279240704,Smiley,14.0,10,doggo
832032802820481025,Miguel,12.0,10,doggo
831939777352105988,Emanuel,12.0,10,doggo
831322785565769729,Pete,12.0,10,doggo
829449946868879360,None,11.0,10,doggo
828381636999917570,Doobert,14.0,10,doggo
826958653328592898,Loki,12.0,10,doggo
826848821049180160,Cupid,13.0,10,doggo
826476773533745153,Pilot,12.0,10,doggo
826204788643753985,None,13.0,10,doggo
821765923262631936,Duchess,13.0,10,doggo
821407182352777218,Sundance,14.0,10,doggo
821107785811234820,None,11.0,10,doggo
819924195358416896,None,11.0,10,doggo
819006400881917954,Sunny,14.0,10,doggo
819004803107983360,Bo,14.0,10,doggo
817777686764523521,Dido,13.0,10,doggo
813910438903693312,Chubbs,11.0,10,doggo
813202720496779264,None,11.0,10,doggo
813127251579564032,None,11.0,10,doggo
813096984823349248,Rocky,11.0,10,doggo
808106460588765185,None,12.0,10,doggo
801115127852503040,Bones,12.0,10,doggo
800018252395122689,None,11.0,10,doggo
799757965289017345,Sobe,13.0,10,doggo
796484825502875648,None,12.0,10,doggo
795464331001561088,None,13.0,10,doggo
786363235746385920,Rizzo,13.0,10,doggo
785639753186217984,Pinot,10.0,10,doggo
782747134529531904,Deacon,11.0,10,doggo
782305867769217024,Sampson,12.0,10,doggo
781655249211752448,Combo,11.0,10,doggo
781308096455073793,None,12.0,10,doggo
780074436359819264,None,10.0,10,doggo
775733305207554048,Anakin,11.0,10,doggo
775364825476165632,Finley,11.0,10,doggo
771908950375665664,None,13.0,10,doggo
768193404517830656,Gerald,8.0,10,doggo
767191397493538821,None,13.0,10,doggo
760893934457552897,Wishes,11.0,10,doggo
760521673607086080,None,12.0,10,doggo
759793422261743616,Maggie,12.0,10,doggo
758828659922702336,None,13.0,10,doggo
757393109802180609,None,10.0,10,doggo
756526248105566208,None,13.0,10,doggo
755206590534418437,one,14.0,10,doggo
752682090207055872,None,10.0,10,doggo
752660715232722944,None,10.0,10,doggo
752334515931054080,None,8.0,10,doggo
751583847268179968,None,5.0,10,doggo
750011400160841729,Piper,11.0,10,doggo
749075273010798592,Boomer,11.0,10,doggo
748932637671223296,Divine,13.0,10,doggo
748692773788876800,his,10.0,10,doggo
745433870967832576,Lenox,10.0,10,doggo
744234799360020481,None,13.0,10,doggo
742534281772302336,None,11.0,10,doggo
741067306818797568,just,12.0,10,doggo
739623569819336705,None,12.0,10,doggo
739238157791694849,None,13.0,10,doggo
735256018284875776,Kellogg,8.0,10,doggo
733109485275860992,None,12.0,10,doggo
732375214819057664,Kyle,11.0,10,doggo
727644517743104000,None,13.0,10,doggo
724771698126512129,None,11.0,10,doggo
719991154352222208,None,10.0,10,doggo
716080869887381504,None,11.0,10,doggo
883360690899218434,Grizzwald,13.0,10,floofer
854010172552949760,None,11.0,10,floofer
800388270626521089,Doc,12.0,10,floofer
776218204058357768,None,13.0,10,floofer
749317047558017024,Blu,12.0,10,floofer
746542875601690625,None,11.0,10,floofer
737445876994609152,None,13.0,10,floofer
733822306246479872,Moose,10.0,10,floofer
689993469801164801,None,12.0,10,floofer
685307451701334016,Petrick,11.0,10,floofer
886366144734445568,Roscoe,12.0,10,pupper
882762694511734784,Gus,12.0,10,pupper
881536004380872706,a,14.0,10,pupper
876838120628539392,Ginger,12.0,10,pupper
874296783580663808,Jed,13.0,10,pupper
873213775632977920,Sierra,12.0,10,pupper
871762521631449091,Rover,12.0,10,pupper
866450705531457537,Jamesy,13.0,10,pupper
854120357044912130,None,14.0,10,pupper
850019790995546112,Boomer,12.0,10,pupper
845306882940190720,Pickles,12.0,10,pupper
837820167694528512,None,12.0,10,pupper
837110210464448512,Clark,13.0,10,pupper
836380477523124226,Ava,12.0,10,pupper
833124694597443584,Gidget,12.0,10,pupper
831315979191906304,None,13.0,10,pupper
827933404142436356,Kona,12.0,10,pupper
824325613288833024,None,13.0,10,pupper
822462944365645825,Gabe,14.0,10,pupper
819238181065359361,None,10.0,10,pupper
817777686764523521,Dido,13.0,10,pupper
815966073409433600,None,13.0,10,pupper
814986499976527872,Cooper,11.0,10,pupper
811386762094317568,Craig,11.0,10,pupper
808733504066486276,None,12.0,10,pupper
808106460588765185,None,12.0,10,pupper
807621403335917568,Ollie,14.0,10,pupper
803638050916102144,None,13.0,10,pupper
801115127852503040,Bones,12.0,10,pupper
800459316964663297,None,12.0,10,pupper
797971864723324932,None,12.0,10,pupper
794205286408003585,Laika,14.0,10,pupper
789903600034189313,Ralphy,13.0,10,pupper
785639753186217984,Pinot,10.0,10,pupper
781308096455073793,None,12.0,10,pupper
779377524342161408,None,12.0,10,pupper
778039087836069888,None,12.0,10,pupper
778027034220126208,Sophie,11.27,10,pupper
776477788987613185,Huck,11.0,10,pupper
776113305656188928,Sampson,11.0,10,pupper
773985732834758656,Winnie,11.0,10,pupper
773547596996571136,Chelsea,11.0,10,pupper
772193107915964416,Willem,12.0,10,pupper
765371061932261376,Louie,11.0,10,pupper
759943073749200896,None,12.0,10,pupper
759793422261743616,Maggie,12.0,10,pupper
756939218950160384,Jax,12.0,10,pupper
755955933503782912,None,12.0,10,pupper
751950017322246144,Lola,13.0,10,pupper
751583847268179968,None,5.0,10,pupper
751456908746354688,None,12.0,10,pupper
750868782890057730,Milo,11.0,10,pupper
750506206503038976,Malcolm,8.0,10,pupper
750383411068534784,Zoe,9.0,10,pupper
750071704093859840,None,10.0,10,pupper
749417653287129088,Finn,11.0,10,pupper
748337862848962560,None,13.0,10,pupper
747963614829678593,None,10.0,10,pupper
744223424764059648,actually,12.0,10,pupper
743222593470234624,a,12.0,10,pupper
742465774154047488,None,14.0,10,pupper
742150209887731712,Edmund,8.0,10,pupper
741743634094141440,Aqua,11.0,10,pupper
741067306818797568,just,12.0,10,pupper
740676976021798912,Baloo,11.0,10,pupper
739606147276148736,Benji,9.0,10,pupper
736392552031657984,mad,13.0,10,pupper
736365877722001409,Rory,11.0,10,pupper
735648611367784448,None,12.0,10,pupper
735137028879360001,Buckley,9.0,10,pupper
733109485275860992,None,12.0,10,pupper
730573383004487680,Rooney,10.0,10,pupper
728035342121635841,all,12.0,10,pupper
728015554473250816,Rueben,11.0,10,pupper
727524757080539137,None,10.0,10,pupper
727314416056803329,None,11.0,10,pupper
725786712245440512,Lillie,11.0,10,pupper
724405726123311104,Ashleigh,10.0,10,pupper
724004602748780546,Luther,11.0,10,pupper
721001180231503872,Oliver,11.0,10,pupper
720340705894408192,Derek,10.0,10,pupper
719704490224398336,Clyde,12.0,10,pupper
717790033953034240,None,10.0,10,pupper
717009362452090881,Smokey,10.0,10,pupper
716447146686459905,Ozzy,13.0,10,pupper
712309440758808576,None,12.0,10,pupper
711968124745228288,Winston,10.0,10,pupper
711008018775851008,Chuckles,11.0,10,pupper
710117014656950272,None,11.0,10,pupper
708845821941387268,None,9.0,10,pupper
707411934438625280,None,11.0,10,pupper
707315916783140866,Finnegus,10.0,10,pupper
706310011488698368,None,12.0,10,pupper
705975130514706432,Adele,10.0,10,pupper
705428427625635840,Ambrose,11.0,10,pupper
704859558691414016,a,10.0,10,pupper
704761120771465216,None,13.0,10,pupper
704347321748819968,Ralphson,10.0,10,pupper
704134088924532736,None,12.0,10,pupper
703611486317502464,Scooter,10.0,10,pupper
703407252292673536,None,10.0,10,pupper
703268521220972544,None,12.0,10,pupper
702598099714314240,Sansa,11.0,10,pupper
701805642395348998,None,11.0,10,pupper
701545186879471618,Millie,10.0,10,pupper
700864154249383937,a,12.0,10,pupper
700151421916807169,None,11.0,10,pupper
700143752053182464,None,10.0,10,pupper
699801817392291840,Cooper,11.0,10,pupper
699434518667751424,None,12.0,10,pupper
699036661657767936,None,13.0,10,pupper
697616773278015490,None,11.0,10,pupper
697596423848730625,None,11.0,10,pupper
696877980375769088,Misty,9.0,10,pupper
696713835009417216,Trevith,9.0,10,pupper
696518437233913856,None,10.0,10,pupper
696100768806522880,None,10.0,10,pupper
695095422348574720,just,12.0,10,pupper
695074328191332352,Lorenzo,11.0,10,pupper
694329668942569472,Grady,9.0,10,pupper
693629975228977152,None,12.0,10,pupper
693590843962331137,Phil,3.0,10,pupper
693262851218264065,None,11.0,10,pupper
693095443459342336,Milo,10.0,10,pupper
692905862751522816,Wally,10.0,10,pupper
692828166163931137,None,12.0,10,pupper
692752401762250755,None,13.0,10,pupper
692417313023332352,Herschel,7.0,10,pupper
690015576308211712,None,12.0,10,pupper
689905486972461056,Gizmo,11.0,10,pupper
689623661272240129,Lucy,10.0,10,pupper
689143371370250240,Trip,10.0,10,pupper
688916208532455424,None,11.0,10,pupper
688894073864884227,Hamrick,7.0,10,pupper
688519176466644993,None,12.0,10,pupper
688179443353796608,Lizzie,10.0,10,pupper
687818504314159109,None,12.0,10,pupper
687704180304273409,Blakely,9.0,10,pupper
687476254459715584,Curtis,11.0,10,pupper
687312378585812992,None,7.0,10,pupper
687096057537363968,None,11.0,10,pupper
686760001961103360,None,12.0,10,pupper
686683045143953408,Mona,11.0,10,pupper
686618349602762752,Olivia,11.0,10,pupper
686377065986265092,Birf,10.0,10,pupper
686007916130873345,None,11.0,10,pupper
685943807276412928,the,8.0,10,pupper
685667379192414208,Marty,9.0,10,pupper
685641971164143616,Otis,7.0,10,pupper
685547936038666240,None,14.0,10,pupper
685268753634967552,Hubertson,10.0,10,pupper
685169283572338688,Gerbald,11.0,10,pupper
684880619965411328,None,5.0,10,pupper
684830982659280897,None,13.0,10,pupper
684588130326986752,None,12.0,10,pupper
684147889187209216,Sweets,12.0,10,pupper
683834909291606017,None,9.0,10,pupper
683828599284170753,None,12.0,10,pupper
683481228088049664,Banjo,11.0,10,pupper
683462770029932544,None,8.0,10,pupper
683142553609318400,Brandy,9.0,10,pupper
683111407806746624,Larry,10.0,10,pupper
683078886620553216,None,9.0,10,pupper
682788441537560576,None,12.0,10,pupper
682406705142087680,Patrick,7.0,10,pupper
681891461017812993,Charlie,10.0,10,pupper
681694085539872773,Bo,11.0,10,pupper
681679526984871937,None,7.0,10,pupper
681654059175129088,Toffee,12.0,10,pupper
681231109724700672,None,11.0,10,pupper
680836378243002368,Ellie,12.0,10,pupper
680473011644985345,Hector,10.0,10,pupper
680191257256136705,None,11.0,10,pupper
680176173301628928,None,10.0,10,pupper
680145970311643136,Kawhi,10.0,10,pupper
680100725817409536,None,11.0,10,pupper
679828447187857408,None,13.0,10,pupper
679777920601223168,Rinna,10.0,10,pupper
679527802031484928,None,11.0,10,pupper
679503373272485890,Dwight,8.0,10,pupper
678800283649069056,None,12.0,10,pupper
678708137298427904,None,10.0,10,pupper
678389028614488064,Bella,11.0,10,pupper
678341075375947776,None,12.0,10,pupper
678278586130948096,None,10.0,10,pupper
677557565589463040,None,10.0,10,pupper
677269281705472000,the,10.0,10,pupper
676936541936185344,None,8.0,10,pupper
676916996760600576,None,10.0,10,pupper
676819651066732545,None,12.0,10,pupper
676617503762681856,None,13.0,10,pupper
676603393314578432,Godzilla,9.0,10,pupper
676593408224403456,None,11.0,10,pupper
676575501977128964,None,8.0,10,pupper
676470639084101634,None,11.0,10,pupper
676263575653122048,None,10.0,10,pupper
675898130735476737,None,10.0,10,pupper
675845657354215424,Pepper,10.0,10,pupper
675740360753160193,None,12.0,10,pupper
675334060156301312,None,12.0,10,pupper
675113801096802304,Zuzu,10.0,10,pupper
675006312288268288,Mollie,10.0,10,pupper
674774481756377088,Superpup,11.0,10,pupper
674737130913071104,Rufio,10.0,10,pupper
674638615994089473,None,12.0,10,pupper
674447403907457024,None,10.0,10,pupper
674318007229923329,Lennon,8.0,10,pupper
674262580978937856,Gus,9.0,10,pupper
674038233588723717,Kaiya,12.0,10,pupper
673956914389192708,one,10.0,10,pupper
673919437611909120,Obie,11.0,10,pupper
673707060090052608,Raymond,10.0,10,pupper
673697980713705472,Pickles,8.0,10,pupper
673656262056419329,Albert,10.0,10,pupper
673612854080196609,Jeffri,7.0,10,pupper
673363615379013632,None,11.0,10,pupper
673342308415348736,Django,10.0,10,pupper
673295268553605120,Eve,8.0,10,pupper
673148804208660480,Fletcher,8.0,10,pupper
672988786805112832,Schnozz,10.0,10,pupper
672975131468300288,Chuckles,10.0,10,pupper
672970152493887488,Chet,7.0,10,pupper
672898206762672129,Cheryl,11.0,10,pupper
672622327801233409,None,12.0,10,pupper
672614745925664768,Norman,6.0,10,pupper
672594978741354496,Scott,9.0,10,pupper
672481316919734272,Jazz,12.0,10,pupper
672254177670729728,Rolf,11.0,10,pupper
672205392827572224,Opal,9.0,10,pupper
672160042234327040,Bubba,8.0,10,pupper
889665388333682689,None,13.0,10,puppo
889531135344209921,Stuart,13.0,10,puppo
878776093423087618,Snoopy,13.0,10,puppo
874012996292530176,Sebastian,13.0,10,puppo
867421006826221569,Shikha,12.0,10,puppo
859607811541651456,None,13.0,10,puppo
855851453814013952,None,13.0,10,puppo
825535076884762624,None,14.0,10,puppo
825026590719483904,Pablo,12.0,10,puppo
822872901745569793,None,13.0,10,puppo
819952236453363712,Oliver,13.0,10,puppo
803773340896923648,Diogi,12.0,10,puppo
802239329049477120,Loki,12.0,10,puppo
793195938047070209,Lily,12.0,10,puppo
790946055508652032,Betty,12.0,10,puppo
787717603741622272,Tonks,13.0,10,puppo
784183165795655680,Reginald,12.0,10,puppo
780931614150983680,None,13.0,10,puppo
756275833623502848,None,10.0,10,puppo
752519690950500352,None,11.0,10,puppo
751132876104687617,Cooper,10.0,10,puppo
744995568523612160,Abby,9.0,10,puppo
743253157753532416,Kilo,10.0,10,puppo
738537504001953792,Bayley,11.0,10,puppo
892420643555336193,Phineas,13.0,10,unnamed
892177421306343426,Tilly,13.0,10,unnamed
891815181378084864,Archie,12.0,10,unnamed
891689557279858688,Darla,13.0,10,unnamed
891327558926688256,Franklin,12.0,10,unnamed
891087950875897856,None,13.0,10,unnamed
890971913173991426,Jax,13.0,10,unnamed
890729181411237888,None,13.0,10,unnamed
890609185150312448,Zoey,13.0,10,unnamed
890006608113172480,Koda,13.0,10,unnamed
889880896479866881,Bruno,13.0,10,unnamed
889638837579907072,Ted,12.0,10,unnamed
889278841981685760,Oliver,13.0,10,unnamed
888917238123831296,Jim,12.0,10,unnamed
888804989199671297,Zeke,13.0,10,unnamed
888554962724278272,Ralphus,13.0,10,unnamed
888078434458587136,Gerald,12.0,10,unnamed
887705289381826560,Jeffrey,13.0,10,unnamed
887517139158093824,such,14.0,10,unnamed
887473957103951883,Canela,13.0,10,unnamed
887343217045368832,None,13.0,10,unnamed
887101392804085760,None,12.0,10,unnamed
886983233522544640,Maya,13.0,10,unnamed
886736880519319552,Mingus,13.0,10,unnamed
886680336477933568,Derek,13.0,10,unnamed
886258384151887873,Waffles,13.0,10,unnamed
885984800019947520,Jimbo,12.0,10,unnamed
885528943205470208,Maisey,13.0,10,unnamed
885518971528720385,None,14.0,10,unnamed
885167619883638784,None,13.0,10,unnamed
884925521741709313,Earl,12.0,10,unnamed
884876753390489601,Lola,13.0,10,unnamed
884562892145688576,Kevin,13.0,10,unnamed
884441805382717440,None,14.0,10,unnamed
884247878851493888,None,13.0,10,unnamed
883838122936631299,Noah,12.0,10,unnamed
883482846933004288,Bella,13.5,10,unnamed
883117836046086144,None,13.0,10,unnamed
882992080364220416,Rusty,13.0,10,unnamed
882627270321602560,Stanley,13.0,10,unnamed
882268110199369728,Alfy,13.0,10,unnamed
882045870035918850,Koko,13.0,10,unnamed
881906580714921986,Rey,12.0,10,unnamed
881666595344535552,Gary,13.0,10,unnamed
881268444196462592,Elliot,12.0,10,unnamed
880935762899988482,Louis,13.0,10,unnamed
880872448815771648,None,12.0,10,unnamed
880465832366813184,Bella,12.0,10,unnamed
880221127280381952,Jesse,12.0,10,unnamed
880095782870896641,None,11.0,10,unnamed
879862464715927552,Romeo,13.0,10,unnamed
879492040517615616,Bailey,12.0,10,unnamed
879415818425184262,Duddles,13.0,10,unnamed
879376492567855104,Jack,12.0,10,unnamed
879050749262655488,Steven,11.0,10,unnamed
879008229531029506,Beau,13.0,10,unnamed
878604707211726852,None,13.0,10,unnamed
878281511006478336,Shadow,13.0,10,unnamed
878057613040115712,Emmy,14.0,10,unnamed
877736472329191424,Aja,13.0,10,unnamed
877556246731214848,Penny,12.0,10,unnamed
877316821321428993,Dante,13.0,10,unnamed
877201837425926144,Nelly,12.0,10,unnamed
876537666061221889,None,14.0,10,unnamed
876484053909872640,Benedict,13.0,10,unnamed
876120275196170240,Venti,13.0,10,unnamed
875747767867523072,Goose,13.0,10,unnamed
875144289856114688,Nugget,13.0,10,unnamed
875097192612077568,None,13.0,10,unnamed
875021211251597312,None,12.0,10,unnamed
874680097055178752,Cash,12.0,10,unnamed
874057562936811520,None,12.0,10,unnamed
873580283840344065,None,13.0,10,unnamed
872820683541237760,None,13.0,10,unnamed
872620804844003328,Monkey,13.0,10,unnamed
872486979161796608,None,12.0,10,unnamed
872122724285648897,Kody,12.0,10,unnamed
871879754684805121,Lassie,13.0,10,unnamed
871032628920680449,Boomer,13.0,10,unnamed
870804317367881728,None,11.0,10,unnamed
870656317836468226,Cody,13.0,10,unnamed
870374049280663552,Zoey,13.0,10,unnamed
870308999962521604,Rumble,13.0,10,unnamed
870063196459192321,Clifford,14.0,10,unnamed
869772420881756160,Dewey,13.0,10,unnamed
869702957897576449,Stanley,13.0,10,unnamed
869227993411051520,Gizmo,13.0,10,unnamed
868880397819494401,Walter,14.0,10,unnamed
868622495443632128,None,13.0,10,unnamed
868552278524837888,Cooper,12.0,10,unnamed
867900495410671616,None,12.0,10,unnamed
867774946302451713,Harold,13.0,10,unnamed
867051520902168576,None,13.0,10,unnamed
866720684873056260,None,13.0,10,unnamed
866686824827068416,Lili,12.0,10,unnamed
866334964761202691,Coco,12.0,10,unnamed
865718153858494464,Boomer,13.0,10,unnamed
865359393868664832,Sammy,13.0,10,unnamed
865006731092295680,Nelly,13.0,10,unnamed
864873206498414592,None,14.0,10,unnamed
864279568663928832,Meatball,12.0,10,unnamed
864197398364647424,Paisley,13.0,10,unnamed
863907417377173506,Albus,13.0,10,unnamed
863553081350529029,Neptune,13.0,10,unnamed
863432100342583297,Belle,12.0,10,unnamed
863062471531167744,Quinn,13.0,10,unnamed
862831371563274240,Zooey,13.0,10,unnamed
862722525377298433,Dave,11.0,10,unnamed
862457590147678208,Jersey,13.0,10,unnamed
862096992088072192,None,13.0,10,unnamed
861383897657036800,Hobbes,13.0,10,unnamed
861288531465048066,None,13.0,10,unnamed
861005113778896900,Burt,12.0,10,unnamed
860563773140209665,Lorenzo,13.0,10,unnamed
860524505164394496,Carl,13.0,10,unnamed
860276583193509888,Jordy,12.0,10,unnamed
860184849394610176,None,14.0,10,unnamed
859924526012018688,Milky,12.0,10,unnamed
859851578198683649,Trooper,13.0,10,unnamed
859196978902773760,quite,12.0,10,unnamed
859074603037188101,None,13.0,10,unnamed
858471635011153920,Sophie,13.0,10,unnamed
858107933456039936,Wyatt,12.0,10,unnamed
857989990357356544,Rosie,12.0,10,unnamed
857746408056729600,Thor,13.0,10,unnamed
857393404942143489,None,13.0,10,unnamed
857263160327368704,Oscar,13.0,10,unnamed
857029823797047296,Zeke,12.0,10,unnamed
856543823941562368,Callie,12.0,10,unnamed
856282028240666624,Cermet,14.0,10,unnamed
855857698524602368,None,13.0,10,unnamed
855818117272018944,None,13.0,10,unnamed
855459453768019968,quite,12.0,10,unnamed
854732716440526848,Marlee,12.0,10,unnamed
854482394044301312,Arya,13.0,10,unnamed
854365224396361728,Einstein,13.0,10,unnamed
853760880890318849,Alice,12.0,10,unnamed
853639147608842240,None,13.0,10,unnamed
853299958564483072,Rumpole,13.0,10,unnamed
852912242202992640,Benny,12.0,10,unnamed
852672615818899456,Aspen,12.0,10,unnamed
852553447878664193,Jarod,13.0,10,unnamed
852311364735569921,Wiggles,13.0,10,unnamed
852226086759018497,General,14.0,10,unnamed
852189679701164033,Sailor,12.0,10,unnamed
851591660324737024,None,11.0,10,unnamed
851464819735769094,Iggy,14.0,10,unnamed
851224888060895234,Snoop,13.0,10,unnamed
850753642995093505,Kyle,11.0,10,unnamed
850380195714523136,Leo,13.0,10,unnamed
850145622816686080,Riley,11.0,10,unnamed
849776966551130114,None,12.0,10,unnamed
849412302885593088,Noosh,12.0,10,unnamed
849336543269576704,None,11.0,10,unnamed
849051919805034497,Kevin,13.0,10,unnamed
848690551926992896,None,12.0,10,unnamed
848324959059550208,Odin,12.0,10,unnamed
848212111729840128,Jerry,6.0,10,unnamed
847962785489326080,Georgie,10.0,10,unnamed
847842811428974592,Rontu,12.0,10,unnamed
847606175596138505,Cannon,12.0,10,unnamed
847251039262605312,Furzey,12.0,10,unnamed
847157206088847362,Daisy,11.0,10,unnamed
847116187444137987,None,11.0,10,unnamed
846874817362120707,Tuck,13.0,10,unnamed
846505985330044928,None,11.0,10,unnamed
846153765933735936,Vixen,13.0,10,unnamed
846139713627017216,None,13.0,10,unnamed
846042936437604353,Jarvis,12.0,10,unnamed
845812042753855489,None,13.0,10,unnamed
845677943972139009,None,12.0,10,unnamed
844973813909606400,Brady,12.0,10,unnamed
844580511645339650,Charlie,11.0,10,unnamed
844223788422217728,Margo,12.0,10,unnamed
843981021012017153,None,13.0,10,unnamed
843856843873095681,Sadie,12.0,10,unnamed
843604394117681152,Hank,11.0,10,unnamed
843235543001513987,Tycho,13.0,10,unnamed
842846295480000512,Charlie,13.0,10,unnamed
842765311967449089,Indie,12.0,10,unnamed
842535590457499648,Winnie,13.0,10,unnamed
842163532590374912,George,12.0,10,unnamed
842115215311396866,Bentley,12.0,10,unnamed
841680585030541313,Penny,12.0,10,unnamed
841439858740625411,None,14.0,10,unnamed
841320156043304961,None,12.0,10,unnamed
841314665196081154,Max,13.0,10,unnamed
841077006473256960,Dawn,12.0,10,unnamed
840696689258311684,None,10.0,10,unnamed
840632337062862849,Maddie,12.0,10,unnamed
840370681858686976,None,13.0,10,unnamed
840268004936019968,Monty,12.0,10,unnamed
839990271299457024,Sojourner,13.0,10,unnamed
839549326359670784,Winston,12.0,10,unnamed
839239871831150596,Odie,13.0,10,unnamed
838952994649550848,None,13.0,10,unnamed
838921590096166913,Arlo,13.0,10,unnamed
838561493054533637,Walter,13.0,10,unnamed
838476387338051585,Stanley,13.0,10,unnamed
838083903487373313,Daisy,13.0,10,unnamed
837482249356513284,Waffles,13.0,10,unnamed
837471256429613056,Vincent,12.0,10,unnamed
836989968035819520,Mookie,12.0,10,unnamed
836677758902222849,Oliver,11.0,10,unnamed
836260088725786625,Lucy,13.0,10,unnamed
836001077879255040,None,13.0,10,unnamed
835574547218894849,Eli,11.0,10,unnamed
835297930240217089,Ash,12.0,10,unnamed
835264098648616962,Lola,12.0,10,unnamed
835172783151792128,None,12.0,10,unnamed
835152434251116546,None,0.0,10,unnamed
834931633769889797,Tucker,12.0,10,unnamed
834786237630337024,Tobi,13.0,10,unnamed
834458053273591808,Chester,12.0,10,unnamed
834209720923721728,Wilson,12.0,10,unnamed
834167344700198914,Sunshine,11.0,10,unnamed
834086379323871233,Lipton,12.0,10,unnamed
833863086058651648,Bentley,12.0,10,unnamed
833826103416520705,Charlie,13.0,10,unnamed
833722901757046785,Bronte,13.0,10,unnamed
833479644947025920,Poppy,13.0,10,unnamed
832757312314028032,Willow,13.0,10,unnamed
832682457690300417,None,13.0,10,unnamed
832645525019123713,not,10.0,10,unnamed
832636094638288896,Orion,12.0,10,unnamed
832397543355072512,Eevee,12.0,10,unnamed
832369877331693569,Charlie,11.0,10,unnamed
831911600680497154,Kuyu,14.0,10,unnamed
831670449226514432,Daisy,13.0,10,unnamed
831650051525054464,None,13.0,10,unnamed
831552930092285952,Dutch,13.0,10,unnamed
831309418084069378,Scooter,12.0,10,unnamed
831262627380748289,Tucker,12.0,10,unnamed
830956169170665475,Reggie,12.0,10,unnamed
830583320585068544,Lilly,13.0,10,unnamed
830097400375152640,Samson,13.0,10,unnamed
829861396166877184,Mia,12.0,10,unnamed
829501995190984704,Leo,12.0,10,unnamed
829141528400556032,Malcolm,12.0,10,unnamed
829011960981237760,Dexter,13.0,10,unnamed
828770345708580865,Alfie,13.0,10,unnamed
828708714936930305,Fiona,10.0,10,unnamed
828650029636317184,one,14.0,10,unnamed
828409743546925057,Mutt,12.0,10,unnamed
828408677031882754,Bear,12.0,10,unnamed
828376505180889089,Beebop,13.0,10,unnamed
828372645993398273,Alexander,12.0,10,unnamed
828361771580813312,None,12.0,10,unnamed
828046555563323392,Sailer,13.0,10,unnamed
828011680017821696,Brutus,11.0,10,unnamed
827653905312006145,Boots,12.0,10,unnamed
827600520311402496,Tucker,13.0,10,unnamed
827324948884643840,Ralphie,12.0,10,unnamed
827199976799354881,Charlie,13.0,10,unnamed
826598365270007810,Pawnd,13.0,10,unnamed
826240494070030336,None,11.0,10,unnamed
826115272272650244,Ike,13.0,10,unnamed
825876512159186944,Mo,11.0,10,unnamed
825829644528148480,Toby,12.0,10,unnamed
825147591692263424,Sweet,13.0,10,unnamed
824775126675836928,Scooter,12.0,10,unnamed
824663926340194305,Wilson,13.0,10,unnamed
824297048279236611,Nala,11.0,10,unnamed
824025158776213504,None,14.0,10,unnamed
823939628516474880,Cash,12.0,10,unnamed
823699002998870016,Winston,12.0,10,unnamed
823581115634085888,Crawford,11.0,10,unnamed
823322678127919110,Wyatt,11.0,10,unnamed
822975315408461824,Albus,12.0,10,unnamed
822859134160621569,Hobbes,12.0,10,unnamed
822610361945911296,None,12.0,10,unnamed
822489057087389700,Paisley,13.0,10,unnamed
822244816520155136,None,11.0,10,unnamed
821886076407029760,Jimison,13.0,10,unnamed
821522889702862852,Harlso,13.0,10,unnamed
821149554670182400,Luca,12.0,10,unnamed
821044531881721856,Flash,12.0,10,unnamed
820749716845686786,Sunny,13.0,10,unnamed
820314633777061888,None,14.0,10,unnamed
820078625395449857,None,12.0,10,unnamed
819711362133872643,Howie,11.0,10,unnamed
819588359383371776,Jazzy,13.0,10,unnamed
819347104292290561,Anna,12.0,10,unnamed
819227688460238848,Finn,12.0,10,unnamed
818627210458333184,Wafer,13.0,10,unnamed
818614493328580609,Bear,12.0,10,unnamed
818536468981415936,Tom,11.0,10,unnamed
818259473185828864,Florence,12.0,10,unnamed
818145370475810820,Autumn,11.0,10,unnamed
817908911860748288,None,12.0,10,unnamed
817827839487737858,Buddy,13.0,10,unnamed
817536400337801217,Eugene,12.0,10,unnamed
817423860136083457,Ken,13.0,10,unnamed
817415592588222464,Strudel,11.0,10,unnamed
817171292965273600,Tebow,13.0,10,unnamed
817120970343411712,None,13.0,10,unnamed
817056546584727552,Chloe,11.0,10,unnamed
816816676327063552,Timber,12.0,10,unnamed
816697700272001025,Binky,12.0,10,unnamed
816450570814898180,Moose,13.0,10,unnamed
816336735214911488,Dudley,11.0,10,unnamed
816091915477250048,Comet,12.0,10,unnamed
815990720817401858,Jack,11.0,10,unnamed
815736392542261248,Akumi,11.0,10,unnamed
815639385530101762,Titan,12.0,10,unnamed
815390420867969024,None,13.0,10,unnamed
814638523311648768,Olivia,12.0,10,unnamed
814530161257443328,Alf,12.0,10,unnamed
814153002265309185,Oshie,12.0,10,unnamed
813812741911748608,Gary,14.0,10,unnamed
813800681631023104,Sky,12.0,10,unnamed
813217897535406080,Atlas,13.0,10,unnamed
813187593374461952,None,13.0,10,unnamed
813172488309972993,Eleanor,12.0,10,unnamed
813157409116065792,Layla,12.0,10,unnamed
813142292504645637,None,13.0,10,unnamed
813112105746448384,Toby,12.0,10,unnamed
813081950185472002,Baron,11.0,10,unnamed
813066809284972545,Tyr,12.0,10,unnamed
813051746834595840,Bauer,13.0,10,unnamed
812781120811126785,Swagger,10.0,10,unnamed
812709060537683968,Brandi,12.0,10,unnamed
812503143955202048,None,13.0,10,unnamed
812466873996607488,Mary,12.0,10,unnamed
812372279581671427,Moe,13.0,10,unnamed
811985624773361665,Ted,11.0,10,unnamed
811744202451197953,Halo,13.0,10,unnamed
811627233043480576,Augie,10.0,10,unnamed
810896069567610880,Hunter,11.0,10,unnamed
810657578271330305,Pavlov,11.0,10,unnamed
810284430598270976,Phil,13.0,10,unnamed
810254108431155201,Gus,12.0,10,unnamed
809920764300447744,None,10.0,10,unnamed
809448704142938112,None,12.0,10,unnamed
809220051211603969,Kyro,12.0,10,unnamed
809084759137812480,Wallace,11.0,10,unnamed
808838249661788160,Ito,13.0,10,unnamed
808501579447930884,Koda,12.0,10,unnamed
808344865868283904,Seamus,11.0,10,unnamed
808001312164028416,Cooper,12.0,10,unnamed
807106840509214720,Stephan,13.0,10,unnamed
807010152071229440,Lennon,12.0,10,unnamed
806629075125202948,None,13.0,10,unnamed
806576416489959424,None,13.0,10,unnamed
806542213899489280,Waffles,11.0,10,unnamed
806219024703037440,incredibly,11.0,10,unnamed
805932879469572096,Major,12.0,10,unnamed
805826884734976000,Duke,12.0,10,unnamed
805520635690676224,Zeke,13.0,10,unnamed
805487436403003392,Sansa,12.0,10,unnamed
805207613751304193,Shooter,12.0,10,unnamed
804738756058218496,Django,12.0,10,unnamed
804475857670639616,None,13.0,10,unnamed
804026241225523202,Bo,13.0,10,unnamed
803380650405482500,Sonny,12.0,10,unnamed
803276597545603072,Winston,11.0,10,unnamed
802952499103731712,Marley,12.0,10,unnamed
802600418706604034,Bailey,11.0,10,unnamed
802572683846291456,Winnie,12.0,10,unnamed
802323869084381190,Severus,13.0,10,unnamed
801958328846974976,Ronnie,12.0,10,unnamed
801538201127157760,Wallace,12.0,10,unnamed
801285448605831168,None,10.0,10,unnamed
801167903437357056,Milo,13.0,10,unnamed
800751577355128832,Mauve,12.0,10,unnamed
800513324630806528,Chef,11.0,10,unnamed
800141422401830912,Peaches,13.0,10,unnamed
799422933579902976,Longfellow,12.0,10,unnamed
799297110730567681,Jeffrey,11.0,10,unnamed
799063482566066176,Mister,11.0,10,unnamed
798933969379225600,Iroh,12.0,10,unnamed
798925684722855936,Shadow,11.0,10,unnamed
798209839306514432,Cooper,13.0,10,unnamed
797545162159308800,Cassie,12.0,10,unnamed
797236660651966464,Pancake,12.0,10,unnamed
796865951799083009,Tyr,12.0,10,unnamed
796759840936919040,Romeo,11.0,10,unnamed
796387464403357696,Snicku,12.0,10,unnamed
796149749086875649,Ruby,11.0,10,unnamed
796125600683540480,None,13.0,10,unnamed
796116448414461957,None,11.0,10,unnamed
796080075804475393,Yogi,12.0,10,unnamed
796031486298386433,Daisy,13.0,10,unnamed
795400264262053889,Brody,12.0,10,unnamed
795076730285391872,Bailey,11.0,10,unnamed
794926597468000259,Mack,12.0,10,unnamed
794332329137291264,Nimbus,12.0,10,unnamed
793962221541933056,Maximus,12.0,10,unnamed
793845145112371200,Clark,13.0,10,unnamed
793601777308463104,Dobby,12.0,10,unnamed
793500921481273345,Fiona,12.0,10,unnamed
793286476301799424,Moreton,13.0,10,unnamed
793271401113350145,Dave,12.0,10,unnamed
793256262322548741,None,12.0,10,unnamed
793241302385262592,Tucker,13.0,10,unnamed
793226087023144960,Juno,11.0,10,unnamed
793210959003287553,Maude,10.0,10,unnamed
793180763617361921,Newt,11.0,10,unnamed
793165685325201412,Benji,12.0,10,unnamed
793150605191548928,Nida,11.0,10,unnamed
793135492858580992,None,13.0,10,unnamed
793120401413079041,Robin,11.0,10,unnamed
792913359805018113,a,13.0,10,unnamed
792883833364439040,Bailey,12.0,10,unnamed
792773781206999040,Monster,12.0,10,unnamed
792394556390137856,BeBe,12.0,10,unnamed
792050063153438720,Remus,11.0,10,unnamed
791774931465953280,None,14.0,10,unnamed
791672322847637504,None,13.0,10,unnamed
791406955684368384,Levi,12.0,10,unnamed
791312159183634433,Mabel,12.0,10,unnamed
790987426131050500,Misty,12.0,10,unnamed
790698755171364864,Mosby,12.0,10,unnamed
790581949425475584,Duke,11.0,10,unnamed
790337589677002753,Maggie,12.0,10,unnamed
790277117346975746,Bruce,11.0,10,unnamed
789986466051088384,Happy,12.0,10,unnamed
789628658055020548,Eli,13.0,10,unnamed
789599242079838210,Brownie,12.0,10,unnamed
789530877013393408,Rizzy,12.0,10,unnamed
789314372632018944,None,13.0,10,unnamed
789268448748703744,Stella,10.0,10,unnamed
789137962068021249,Bo,12.0,10,unnamed
788908386943430656,Lucy,11.0,10,unnamed
788765914992902144,Butter,12.0,10,unnamed
788412144018661376,Dexter,11.0,10,unnamed
788178268662984705,None,13.0,10,unnamed
788150585577050112,Leo,13.0,10,unnamed
788039637453406209,None,12.0,10,unnamed
787810552592695296,Frank,11.0,10,unnamed
787397959788929025,Moose,11.0,10,unnamed
787322443945877504,Lincoln,10.0,10,unnamed
786963064373534720,Rory,12.0,10,unnamed
786709082849828864,Logan,9.75,10,unnamed
786664955043049472,None,12.0,10,unnamed
786595970293370880,Dale,11.0,10,unnamed
786286427768250368,Arnie,12.0,10,unnamed
786233965241827333,Mattie,11.0,10,unnamed
785927819176054784,Lucy,12.0,10,unnamed
785872687017132033,Rusty,12.0,10,unnamed
785533386513321988,Dallas,11.0,10,unnamed
785515384317313025,None,10.0,10,unnamed
785264754247995392,Doc,12.0,10,unnamed
785170936622350336,Hero,11.0,10,unnamed
784826020293709826,Rusty,13.0,10,unnamed
784517518371221505,Frankie,11.0,10,unnamed
784431430411685888,Stormy,12.0,10,unnamed
784057939640352768,Balto,12.0,10,unnamed
783839966405230592,Riley,13.0,10,unnamed
783821107061198850,Mairi,12.0,10,unnamed
783695101801398276,Loomis,12.0,10,unnamed
783466772167098368,Finn,11.0,10,unnamed
783391753726550016,Godi,13.0,10,unnamed
783334639985389568,Dave,12.0,10,unnamed
783085703974514689,Earl,11.0,10,unnamed
782969140009107456,Cali,12.0,10,unnamed
782722598790725632,Penny,10.0,10,unnamed
782598640137187329,Timmy,11.0,10,unnamed
781955203444699136,Chipson,11.0,10,unnamed
781661882474196992,None,5.0,10,unnamed
781524693396357120,None,12.0,10,unnamed
781251288990355457,Oakley,11.0,10,unnamed
781163403222056960,None,10.0,10,unnamed
780858289093574656,Dash,10.0,10,unnamed
780800785462489090,Koda,11.0,10,unnamed
780601303617732608,Hercules,12.0,10,unnamed
780543529827336192,None,12.0,10,unnamed
780459368902959104,Bear,11.0,10,unnamed
780192070812196864,None,11.0,10,unnamed
779834332596887552,Scout,11.0,10,unnamed
779056095788752897,None,13.0,10,unnamed
778990705243029504,Jay,11.0,10,unnamed
778764940568104960,None,13.0,10,unnamed
778748913645780993,Mya,11.0,10,unnamed
778650543019483137,Strider,10.0,10,unnamed
778624900596654080,Penny,11.0,10,unnamed
778408200802557953,None,14.0,10,unnamed
778383385161035776,Nala,13.0,10,unnamed
778286810187399168,Stanley,11.0,10,unnamed
777885040357281792,Wesley,3.0,10,unnamed
777684233540206592,None,12.0,10,unnamed
777621514455814149,Derek,12.0,10,unnamed
777189768882946048,Jeffrey,12.0,10,unnamed
776813020089548800,Solomon,12.0,10,unnamed
776201521193218049,O,10.0,10,unnamed
776088319444877312,None,10.0,10,unnamed
775842724423557120,Blue,12.0,10,unnamed
775729183532220416,None,13.0,10,unnamed
775350846108426240,Maximus,12.0,10,unnamed
775085132600442880,Tucker,13.0,10,unnamed
774757898236878852,Finley,12.0,10,unnamed
774639387460112384,Sprinkles,10.0,10,unnamed
774314403806253056,None,14.0,10,unnamed
773922284943896577,Heinrich,12.0,10,unnamed
773704687002451968,Loki,12.0,10,unnamed
773670353721753600,Shakespeare,10.0,10,unnamed
773308824254029826,Bungalo,12.0,10,unnamed
773247561583001600,Chip,10.0,10,unnamed
773191612633579521,Grey,12.0,10,unnamed
772877495989305348,None,11.0,10,unnamed
772826264096874500,Roosevelt,11.0,10,unnamed
772581559778025472,a,10.0,10,unnamed
772152991789019136,None,10.0,10,unnamed
772117678702071809,Jack,12.0,10,unnamed
772114945936949249,Finn,10.0,10,unnamed
772102971039580160,Penny,11.0,10,unnamed
771770456517009408,Davey,11.0,10,unnamed
771500966810099713,Dakota,12.0,10,unnamed
771380798096281600,Fizz,11.0,10,unnamed
771136648247640064,Dixie,11.0,10,unnamed
771102124360998913,Charlie,12.0,10,unnamed
771014301343748096,None,7.0,10,unnamed
770787852854652928,Winston,10.0,10,unnamed
770772759874076672,Sebastian,11.0,10,unnamed
770655142660169732,very,11.0,10,unnamed
770414278348247044,Al,11.0,10,unnamed
770293558247038976,Jackson,10.0,10,unnamed
770069151037685760,Carbon,10.0,10,unnamed
769940425801170949,Klein,12.0,10,unnamed
769695466921623552,Titan,13.0,10,unnamed
769212283578875904,DonDon,12.0,10,unnamed
768970937022709760,Kirby,12.0,10,unnamed
768855141948723200,Jesse,11.0,10,unnamed
768609597686943744,Lou,10.0,10,unnamed
768596291618299904,Oakley,12.0,10,unnamed
768473857036525572,Chevy,11.0,10,unnamed
767884188863397888,Tito,10.0,10,unnamed
767754930266464257,Philbert,11.0,10,unnamed
767500508068192258,Louie,12.0,10,unnamed
767122157629476866,Rupert,13.0,10,unnamed
766793450729734144,Rufus,10.0,10,unnamed
766693177336135680,Brudge,11.0,10,unnamed
766423258543644672,Shadoe,9.0,10,unnamed
766313316352462849,Oscar,12.0,10,unnamed
766069199026450432,Juno,12.0,10,unnamed
766008592277377025,Angel,11.0,10,unnamed
765719909049503744,Brat,12.0,10,unnamed
765669560888528897,Tove,12.0,10,unnamed
765395769549590528,my,13.0,10,unnamed
765222098633691136,Gromit,10.0,10,unnamed
764857477905154048,Aubie,12.0,10,unnamed
764259802650378240,Kota,10.0,10,unnamed
763837565564780549,Alfie,11.0,10,unnamed
763183847194451968,Clark,8.0,10,unnamed
763103485927849985,Belle,10.0,10,unnamed
762699858130116608,Leela,11.0,10,unnamed
762471784394268675,Glenn,12.0,10,unnamed
762464539388485633,Buddy,12.0,10,unnamed
762316489655476224,Scout,11.0,10,unnamed
762035686371364864,None,14.0,10,unnamed
761976711479193600,Shelby,12.0,10,unnamed
761745352076779520,None,11.0,10,unnamed
761672994376806400,None,10.0,10,unnamed
761599872357261312,Sephie,11.0,10,unnamed
761334018830917632,Bruce,10.0,10,unnamed
761292947749015552,Bonaparte,11.0,10,unnamed
761227390836215808,Albert,10.0,10,unnamed
761004547850530816,Bo,11.0,10,unnamed
760656994973933572,Rose,11.0,10,unnamed
760641137271070720,Theo,12.0,10,unnamed
760539183865880579,Atlas,12.0,10,unnamed
760290219849637889,Rocco,13.0,10,unnamed
760252756032651264,Fido,4.0,10,unnamed
760190180481531904,Sadie,10.0,10,unnamed
759846353224826880,Kirby,11.0,10,unnamed
759557299618865152,Emma,10.0,10,unnamed
759447681597108224,Oakley,11.0,10,unnamed
759446261539934208,None,10.0,10,unnamed
759197388317847553,Luna,12.0,10,unnamed
759099523532779520,Toby,7.0,10,unnamed
759047813560868866,Spencer,11.0,10,unnamed
758854675097526272,Lilli,11.0,10,unnamed
758740312047005698,Boston,12.0,10,unnamed
758474966123810816,Brandonald,11.0,10,unnamed
758405701903519748,Odie,10.0,10,unnamed
758355060040593408,Corey,11.0,10,unnamed
758099635764359168,None,13.0,10,unnamed
758041019896193024,None,9.0,10,unnamed
757741869644341248,Leonard,10.0,10,unnamed
757725642876129280,Beckham,11.0,10,unnamed
757611664640446465,Cooper,12.0,10,unnamed
757596066325864448,None,4.0,10,unnamed
757400162377592832,None,13.0,10,unnamed
757354760399941633,Devón,8.0,10,unnamed
756998049151549440,Oliver,11.0,10,unnamed
756651752796094464,Gert,11.0,10,unnamed
756303284449767430,None,11.0,10,unnamed
756288534030475264,None,12.0,10,unnamed
755110668769038337,Watson,13.0,10,unnamed
754856583969079297,Winnie,11.0,10,unnamed
754747087846248448,Keith,12.0,10,unnamed
754482103782404096,Milo,10.0,10,unnamed
754449512966619136,Dex,11.0,10,unnamed
754120377874386944,None,10.0,10,unnamed
753655901052166144,None,10.0,10,unnamed
753420520834629632,None,11.0,10,unnamed
753398408988139520,Scout,12.0,10,unnamed
753375668877008896,Hank,8.0,10,unnamed
753294487569522689,Ace,11.0,10,unnamed
753039830821511168,None,13.0,10,unnamed
753026973505581056,Tayzie,10.0,10,unnamed
752932432744185856,Carl,12.0,10,unnamed
752917284578922496,Grizzie,11.0,10,unnamed
752568224206688256,None,9.0,10,unnamed
752173152931807232,Brody,12.0,10,unnamed
751937170840121344,Ruby,11.0,10,unnamed
751830394383790080,Tucker,12.0,10,unnamed
751793661361422336,Fred,11.0,10,unnamed
751598357617971201,Toby,13.0,10,unnamed
751538714308972544,Max,10.0,10,unnamed
751251247299190784,Gilbert,10.0,10,unnamed
751205363882532864,None,12.0,10,unnamed
750719632563142656,Meyer,12.0,10,unnamed
750429297815552001,Arnie,12.0,10,unnamed
750147208377409536,None,13.0,10,unnamed
750132105863102464,Stewie,11.0,10,unnamed
750117059602808832,Calvin,10.0,10,unnamed
750101899009982464,Lilah,11.0,10,unnamed
750086836815486976,Spanky,12.0,10,unnamed
750056684286914561,Jameson,11.0,10,unnamed
750041628174217216,Beau,13.0,10,unnamed
750026558547456000,Jax,10.0,10,unnamed
749996283729883136,Bo,12.0,10,unnamed
749774190421639168,Lucy,12.0,10,unnamed
749403093750648834,None,10.0,10,unnamed
749395845976588288,George,10.0,10,unnamed
749064354620928000,Winston,11.0,10,unnamed
749036806121881602,Dietrich,8.0,10,unnamed
748977405889503236,not,10.0,10,unnamed
748705597323898880,None,13.0,10,unnamed
748699167502000129,Tripp,11.0,10,unnamed
748575535303884801,one,6.0,10,unnamed
748568946752774144,Cora,12.0,10,unnamed
748346686624440324,None,10.0,10,unnamed
748324050481647620,Duke,11.0,10,unnamed
748307329658011649,None,7.0,10,unnamed
748220828303695873,None,13.0,10,unnamed
747933425676525569,None,11.0,10,unnamed
747885874273214464,a,8.0,10,unnamed
747844099428986880,Huxley,11.0,10,unnamed
747816857231626240,a,4.0,10,unnamed
747648653817413632,Keurig,12.0,10,unnamed
747600769478692864,Bookstore,10.0,10,unnamed
747594051852075008,None,11.0,10,unnamed
747512671126323200,None,10.0,10,unnamed
747461612269887489,None,10.0,10,unnamed
747439450712596480,Linus,12.0,10,unnamed
747219827526344708,Atticus,11.0,10,unnamed
747204161125646336,Clark,10.0,10,unnamed
747103485104099331,None,11.0,10,unnamed
746872823977771008,a,11.0,10,unnamed
746790600704425984,None,10.0,10,unnamed
746757706116112384,Maddie,11.0,10,unnamed
746726898085036033,Abby,12.0,10,unnamed
746507379341139972,Shiloh,10.0,10,unnamed
746369468511756288,an,9.0,10,unnamed
746131877086527488,Gustav,10.0,10,unnamed
746056683365994496,Arlen,11.0,10,unnamed
745789745784041472,Gus,10.0,10,unnamed
745712589599014916,Percy,7.0,10,unnamed
745422732645535745,very,9.0,10,unnamed
745314880350101504,Sugar,12.0,10,unnamed
745074613265149952,Jeffrey,11.0,10,unnamed
745057283344719872,Oliver,12.0,10,unnamed
744971049620602880,Indie,12.0,10,unnamed
744709971296780288,Harvey,10.0,10,unnamed
744334592493166593,Blanket,11.0,10,unnamed
743980027717509120,Geno,11.0,10,unnamed
743895849529389061,None,10.0,10,unnamed
743609206067040256,Stark,10.0,10,unnamed
743595368194129920,Harold,7.0,10,unnamed
743545585370791937,Bentley,11.0,10,unnamed
743510151680958465,Beya,13.0,10,unnamed
743210557239623680,Kayla,10.0,10,unnamed
742528092657332225,Maxaroni,10.0,10,unnamed
742423170473463808,Bell,12.0,10,unnamed
742385895052087300,Phil,11.0,10,unnamed
742161199639494656,Doug,12.0,10,unnamed
741793263812808706,None,10.0,10,unnamed
741438259667034112,Tucker,9.0,10,unnamed
741303864243200000,Theodore,12.0,10,unnamed
741099773336379392,Ted,11.0,10,unnamed
740995100998766593,Leo,10.0,10,unnamed
740711788199743490,None,9.0,10,unnamed
740699697422163968,Chip,8.0,10,unnamed
740365076218183684,None,10.0,10,unnamed
740359016048689152,Chase,9.0,10,unnamed
740214038584557568,getting,10.0,10,unnamed
739979191639244800,Nollie,12.0,10,unnamed
739932936087216128,Rorie,10.0,10,unnamed
739844404073074688,Simba,12.0,10,unnamed
739544079319588864,None,10.0,10,unnamed
739485634323156992,Kyle,6.0,10,unnamed
738885046782832640,Charles,11.0,10,unnamed
738883359779196928,None,10.0,10,unnamed
738402415918125056,None,10.0,10,unnamed
738184450748633089,None,9.0,10,unnamed
738166403467907072,Axel,12.0,10,unnamed
738156290900254721,Storkson,10.0,10,unnamed
737826014890496000,Remy,10.0,10,unnamed
737800304142471168,Bella,10.0,10,unnamed
737678689543020544,None,11.0,10,unnamed
737322739594330112,Lily,9.0,10,unnamed
737310737551491075,None,13.0,10,unnamed
736736130620620800,Chadrick,13.0,10,unnamed
736225175608430592,very,10.0,10,unnamed
736010884653420544,None,10.0,10,unnamed
735991953473572864,Maxaroni,11.0,10,unnamed
735635087207878657,Dakota,11.0,10,unnamed
735274964362878976,None,11.0,10,unnamed
734912297295085568,Jax,10.0,10,unnamed
734787690684657664,None,13.0,10,unnamed
734776360183431168,Livvie,11.0,10,unnamed
734559631394082816,None,10.0,10,unnamed
733828123016450049,Terry,10.0,10,unnamed
733482008106668032,None,10.0,10,unnamed
733460102733135873,Hermione,11.0,10,unnamed
732732193018155009,Ralpher,12.0,10,unnamed
732726085725589504,Aldrick,11.0,10,unnamed
732585889486888962,None,10.0,10,unnamed
732005617171337216,Larry,11.0,10,unnamed
731285275100512256,Solomon,12.0,10,unnamed
730924654643314689,unacceptable,9.0,10,unnamed
730427201120833536,Crystal,11.0,10,unnamed
730211855403241472,Ziva,11.0,10,unnamed
730196704625098752,Charles,6.0,10,unnamed
729854734790754305,Ollie,11.0,10,unnamed
729823566028484608,Stefan,13.0,10,unnamed
729463711119904772,Pupcasso,13.0,10,unnamed
729113531270991872,None,10.0,10,unnamed
728986383096946689,Puff,11.0,10,unnamed
728760639972315136,None,13.0,10,unnamed
728751179681943552,Flurpson,10.0,10,unnamed
728653952833728512,Coleman,8.0,10,unnamed
728409960103686147,Wallace,10.0,10,unnamed
728387165835677696,Enchilada,12.0,10,unnamed
728046963732717569,Raymond,11.0,10,unnamed
727685679342333952,Cilantro,12.0,10,unnamed
727286334147182592,None,9.0,10,unnamed
727175381690781696,Karll,10.0,10,unnamed
727155742655025152,None,11.0,10,unnamed
726935089318363137,Sprout,12.0,10,unnamed
726887082820554753,Blitz,10.0,10,unnamed
726828223124897792,Bloop,12.0,10,unnamed
726224900189511680,None,9.0,10,unnamed
725842289046749185,Colby,12.0,10,unnamed
725729321944506368,Lola,12.0,10,unnamed
725458796924002305,None,13.0,10,unnamed
724983749226668032,Fred,12.0,10,unnamed
724049859469295616,Kreggory,10.0,10,unnamed
724046343203856385,Sarge,10.0,10,unnamed
723912936180330496,Sugar,12.0,10,unnamed
723688335806480385,Reginald,12.0,10,unnamed
723673163800948736,Ivar,10.0,10,unnamed
723179728551723008,Jangle,8.0,10,unnamed
722613351520608256,Schnitzel,12.0,10,unnamed
721503162398597120,Panda,11.0,10,unnamed
720785406564900865,Archie,12.0,10,unnamed
720775346191278080,Berkeley,10.0,10,unnamed
720415127506415616,None,10.0,10,unnamed
720389942216527872,Ralphé,11.0,10,unnamed
720059472081784833,Charleson,9.0,10,unnamed
720043174954147842,Neptune,11.0,10,unnamed
719551379208073216,Harnold,10.0,10,unnamed
719367763014393856,Sid,11.0,10,unnamed
719339463458033665,Lucy,10.0,10,unnamed
719332531645071360,Pippa,11.0,10,unnamed
718971898235854848,Sadie,10.0,10,unnamed
718939241951195136,Otis,12.0,10,unnamed
718631497683582976,None,10.0,10,unnamed
718613305783398402,Carper,11.0,10,unnamed
718540630683709445,None,10.0,10,unnamed
718460005985447936,Bowie,9.0,10,unnamed
718454725339934721,None,13.0,10,unnamed
718246886998687744,Alexanderson,3.0,10,unnamed
718234618122661888,Suki,11.0,10,unnamed
717841801130979328,Barclay,11.0,10,unnamed
717537687239008257,a,11.0,10,unnamed
717428917016076293,Skittle,11.0,10,unnamed
717421804990701568,Ebby,9.0,10,unnamed
717047459982213120,Flávio,12.0,10,unnamed
716802964044845056,Link,10.0,10,unnamed
716791146589110272,Jennifur,11.0,10,unnamed
716730379797970944,None,12.0,10,unnamed
716285507865542656,Stephanus,12.0,10,unnamed
715928423106027520,Bubbles,11.0,10,unnamed
715758151270801409,old,13.0,10,unnamed
715733265223708672,a,10.0,10,unnamed
715704790270025728,Bentley,11.0,10,unnamed
715696743237730304,Toby,10.0,10,unnamed
715680795826982913,Zeus,12.0,10,unnamed
715360349751484417,Bertson,11.0,10,unnamed
715342466308784130,Oscar,10.0,10,unnamed
715220193576927233,Nico,10.0,10,unnamed
715200624753819648,Michelangelope,12.0,10,unnamed
715009755312439296,Siba,12.0,10,unnamed
714982300363173890,Calbert,9.0,10,unnamed
714962719905021952,None,12.0,10,unnamed
714957620017307648,Curtis,10.0,10,unnamed
714631576617938945,Benedict,4.0,10,unnamed
714606013974974464,None,12.0,10,unnamed
714485234495041536,Blitz,10.0,10,unnamed
714258258790387713,Travis,10.0,10,unnamed
714251586676113411,Thumas,8.0,10,unnamed
714214115368108032,None,13.0,10,unnamed
714141408463036416,None,10.0,10,unnamed
713919462244790272,Kanu,12.0,10,unnamed
713909862279876608,Doug,12.0,10,unnamed
713761197720473600,Piper,12.0,10,unnamed
713411074226274305,None,11.0,10,unnamed
713177543487135744,Lance,10.0,10,unnamed
713175907180089344,Opie,10.0,10,unnamed
712809025985978368,Stubert,10.0,10,unnamed
712717840512598017,None,10.0,10,unnamed
712668654853337088,Sunny,10.0,10,unnamed
712438159032893441,Kane,11.0,10,unnamed
712097430750289920,None,10.0,10,unnamed
712092745624633345,Steven,7.0,10,unnamed
712085617388212225,Olive,11.0,10,unnamed
712065007010385924,Chester,6.0,10,unnamed
711743778164514816,Roosevelt,11.0,10,unnamed
711732680602345472,None,10.0,10,unnamed
711694788429553666,None,13.0,10,unnamed
711652651650457602,Gary,9.0,10,unnamed
711363825979756544,None,11.0,10,unnamed
711306686208872448,None,3.0,10,unnamed
710997087345876993,Milo,12.0,10,unnamed
710844581445812225,Staniel,10.0,10,unnamed
710833117892898816,Sora,12.0,10,unnamed
710609963652087808,None,12.0,10,unnamed
710588934686908417,Beemo,12.0,10,unnamed
710296729921429505,Oshie,12.0,10,unnamed
710283270106132480,Gunner,11.0,10,unnamed
710272297844797440,infuriating,11.0,10,unnamed
710269109699739648,None,13.0,10,unnamed
710153181850935296,Lacy,11.0,10,unnamed
710140971284037632,Tater,8.0,10,unnamed
709918798883774466,Watson,12.0,10,unnamed
709901256215666688,None,12.0,10,unnamed
709852847387627521,None,12.0,10,unnamed
709566166965075968,Olaf,12.0,10,unnamed
709556954897764353,Cecil,12.0,10,unnamed
709519240576036864,Vince,9.0,10,unnamed
709449600415961088,Karma,10.0,10,unnamed
709409458133323776,Billy,8.0,10,unnamed
709225125749587968,Walker,11.0,10,unnamed
709207347839836162,Penny,11.0,10,unnamed
709179584944730112,Sammy,13.0,10,unnamed
709158332880297985,Rodney,10.0,10,unnamed
709042156699303936,Klevin,9.0,10,unnamed
708853462201716736,Lucy,8.0,10,unnamed
708834316713893888,Malikai,10.0,10,unnamed
708810915978854401,Mister,10.0,10,unnamed
708738143638450176,Coco,11.0,10,unnamed
708711088997666817,Smokey,11.0,10,unnamed
708479650088034305,Bear,13.0,10,unnamed
708469915515297792,Bobble,11.0,10,unnamed
708400866336894977,None,12.0,10,unnamed
708356463048204288,Oliver,10.0,10,unnamed
708349470027751425,River,11.0,10,unnamed
708149363256774660,Jebberson,10.0,10,unnamed
708130923141795840,None,11.0,10,unnamed
708119489313951744,Cooper,9.0,10,unnamed
708109389455101952,Remington,10.0,10,unnamed
708026248782585858,None,13.0,10,unnamed
707995814724026368,Farfle,12.0,10,unnamed
707969809498152960,Rufus,11.0,10,unnamed
707776935007539200,Sadie,11.0,10,unnamed
707741517457260545,None,10.0,10,unnamed
707738799544082433,None,12.0,10,unnamed
707693576495472641,Jiminus,7.0,10,unnamed
707629649552134146,None,10.0,10,unnamed
707610948723478529,Harper,12.0,10,unnamed
707420581654872064,Keurig,4.0,10,unnamed
707387676719185920,Clarkus,10.0,10,unnamed
707377100785885184,None,9.0,10,unnamed
707297311098011648,Cassie,10.0,10,unnamed
707059547140169728,Cupcake,11.0,10,unnamed
707038192327901184,Kathmandu,10.0,10,unnamed
707021089608753152,Tucker,12.0,10,unnamed
707014260413456384,Ellie,11.0,10,unnamed
706904523814649856,None,13.0,10,unnamed
706901761596989440,Elliot,3.0,10,unnamed
706681918348251136,Katie,12.0,10,unnamed
706644897839910912,Shadow,9.0,10,unnamed
706593038911545345,None,10.0,10,unnamed
706538006853918722,Oliver,11.0,10,unnamed
706516534877929472,None,12.0,10,unnamed
706346369204748288,Koda,12.0,10,unnamed
706291001778950144,None,11.0,10,unnamed
706265994973601792,Kara,11.0,10,unnamed
706169069255446529,None,12.0,10,unnamed
706166467411222528,Dexter,7.0,10,unnamed
706153300320784384,Layla,13.0,10,unnamed
705970349788291072,Lucy,12.0,10,unnamed
705898680587526145,Max,10.0,10,unnamed
705591895322394625,None,11.0,10,unnamed
705475953783398401,Zara,12.0,10,unnamed
705442520700944385,Cooper,12.0,10,unnamed
705239209544720384,Jimothy,11.0,10,unnamed
705223444686888960,Bode,9.0,10,unnamed
705102439679201280,Terrenth,10.0,10,unnamed
705066031337840642,Reese,12.0,10,unnamed
704847917308362754,None,12.0,10,unnamed
704819833553219584,Chesterson,7.0,10,unnamed
704499785726889984,None,12.0,10,unnamed
704480331685040129,Lucia,11.0,10,unnamed
704364645503647744,Bisquick,12.0,10,unnamed
704113298707505153,Stanley,8.0,10,unnamed
703774238772166656,None,10.0,10,unnamed
703769065844768768,None,10.0,10,unnamed
703631701117943808,Bella,11.0,10,unnamed
703382836347330562,Charlie,12.0,10,unnamed
703356393781329922,Socks,9.0,10,unnamed
703079050210877440,a,11.0,10,unnamed
703041949650034688,an,10.0,10,unnamed
702932127499816960,Chip,6.0,10,unnamed
702899151802126337,Luna,12.0,10,unnamed
702684942141153280,Lucy,11.0,10,unnamed
702671118226825216,Rambo,10.0,10,unnamed
702539513671897089,a,12.0,10,unnamed
702332542343577600,Rudy,13.0,10,unnamed
702321140488925184,None,12.0,10,unnamed
702276748847800320,None,11.0,10,unnamed
702217446468493312,None,9.0,10,unnamed
701981390485725185,Fiji,12.0,10,unnamed
701952816642965504,Rilo,11.0,10,unnamed
701889187134500865,Bilbo,11.0,10,unnamed
701601587219795968,Coopson,10.0,10,unnamed
701570477911896070,Yoda,9.0,10,unnamed
701214700881756160,None,12.0,10,unnamed
700890391244103680,Chet,11.0,10,unnamed
700847567345688576,Crouton,10.0,10,unnamed
700796979434098688,Daniel,7.0,10,unnamed
700747788515020802,very,11.0,10,unnamed
700518061187723268,Vincent,10.0,10,unnamed
700505138482569216,Kaia,12.0,10,unnamed
700462010979500032,Murphy,6.0,10,unnamed
700167517596164096,Dotsy,10.0,10,unnamed
700062718104104960,Eazy,6.0,10,unnamed
700029284593901568,Coops,10.0,10,unnamed
700002074055016451,Thumas,9.0,10,unnamed
699788877217865730,Nala,12.0,10,unnamed
699779630832685056,None,10.0,10,unnamed
699775878809702401,Fillup,11.0,10,unnamed
699691744225525762,Dave,5.0,10,unnamed
699446877801091073,Archie,12.0,10,unnamed
699423671849451520,None,10.0,10,unnamed
699413908797464576,Miley,11.0,10,unnamed
699370870310113280,Calbert,11.0,10,unnamed
699323444782047232,None,10.0,10,unnamed
699088579889332224,Charl,3.0,10,unnamed
699079609774645248,Reagan,8.0,10,unnamed
699072405256409088,None,12.0,10,unnamed
699060279947165696,Yukon,12.0,10,unnamed
698989035503689728,Oliver,13.0,10,unnamed
698953797952008193,CeCe,11.0,10,unnamed
698907974262222848,None,10.0,10,unnamed
698710712454139905,Cuddles,10.0,10,unnamed
698703483621523456,Rusty,7.0,10,unnamed
698635131305795584,None,12.0,10,unnamed
698549713696649216,Claude,9.0,10,unnamed
698355670425473025,Jessiga,10.0,10,unnamed
698342080612007937,Maximus,11.0,10,unnamed
698262614669991936,Franklin,11.0,10,unnamed
698195409219559425,Beau,9.0,10,unnamed
698178924120031232,Lily,10.0,10,unnamed
697995514407682048,None,11.0,10,unnamed
697990423684476929,Doug,11.0,10,unnamed
697943111201378304,Cassie,10.0,10,unnamed
697881462549430272,Carter,10.0,10,unnamed
697630435728322560,None,8.0,10,unnamed
697575480820686848,Ole,8.0,10,unnamed
697516214579523584,Pherb,9.0,10,unnamed
697482927769255936,Blipson,11.0,10,unnamed
697270446429966336,Bentley,10.0,10,unnamed
697259378236399616,getting,8.0,10,unnamed
697255105972801536,Charlie,10.0,10,unnamed
697242256848379904,Oakley,10.0,10,unnamed
696900204696625153,Rosie,12.0,10,unnamed
696894894812565505,None,9.0,10,unnamed
696886256886657024,None,12.0,10,unnamed
696754882863349760,Reptar,10.0,10,unnamed
696744641916489729,Klevin,10.0,10,unnamed
696488710901260288,None,12.0,10,unnamed
696405997980676096,Berb,7.0,10,unnamed
695816827381944320,None,11.0,10,unnamed
695794761660297217,Wyatt,13.0,10,unnamed
695629776980148225,Calvin,8.0,10,unnamed
695446424020918272,None,12.0,10,unnamed
695409464418041856,Bob,10.0,10,unnamed
695314793360662529,Colin,10.0,10,unnamed
695064344191721472,None,4.0,10,unnamed
695051054296211456,Brian,6.0,10,unnamed
694925794720792577,None,5.0,10,unnamed
694905863685980160,Archie,10.0,10,unnamed
694669722378485760,Phil,12.0,10,unnamed
694352839993344000,Oliviér,10.0,10,unnamed
694342028726001664,None,11.0,10,unnamed
694206574471057408,None,10.0,10,unnamed
694183373896572928,Lola,9.0,10,unnamed
694001791655137281,Chester,11.0,10,unnamed
693993230313091072,None,12.0,10,unnamed
693942351086120961,Kobe,10.0,10,unnamed
693647888581312512,None,7.0,10,unnamed
693642232151285760,Freddery,9.0,10,unnamed
693622659251335168,None,10.0,10,unnamed
693486665285931008,Lincoln,11.0,10,unnamed
693280720173801472,Sadie,10.0,10,unnamed
693267061318012928,Oscar,12.0,10,unnamed
693231807727280129,Bodie,9.0,10,unnamed
693155686491000832,Dunkin,12.0,10,unnamed
693109034023534592,None,11.0,10,unnamed
692919143163629568,None,9.0,10,unnamed
692901601640583168,None,10.0,10,unnamed
692894228850999298,Tupawc,10.0,10,unnamed
692568918515392513,Chester,12.0,10,unnamed
692535307825213440,Amber,10.0,10,unnamed
692530551048294401,Cody,10.0,10,unnamed
692187005137076224,a,12.0,10,unnamed
692158366030913536,Edgar,10.0,10,unnamed
692041934689402880,Teddy,13.0,10,unnamed
692017291282812928,Kingsley,9.0,10,unnamed
691820333922455552,Brockly,8.0,10,unnamed
691793053716221953,None,10.0,10,unnamed
691756958957883396,None,10.0,10,unnamed
691675652215414786,Richie,10.0,10,unnamed
691483041324204033,None,5.0,10,unnamed
691459709405118465,Leo,12.0,10,unnamed
691444869282295808,Bailey,12.0,10,unnamed
691416866452082688,None,13.0,10,unnamed
691321916024623104,Molly,11.0,10,unnamed
691096613310316544,None,11.0,10,unnamed
691090071332753408,None,12.0,10,unnamed
690989312272396288,None,12.0,10,unnamed
690959652130045952,None,11.0,10,unnamed
690938899477221376,None,10.0,10,unnamed
690932576555528194,Buddy,12.0,10,unnamed
690735892932222976,Peaches,13.0,10,unnamed
690728923253055490,Vinscent,8.0,10,unnamed
690690673629138944,Cedrick,10.0,10,unnamed
690649993829576704,Hazel,11.0,10,unnamed
690597161306841088,Lolo,11.0,10,unnamed
690400367696297985,Eriq,10.0,10,unnamed
690374419777196032,Phred,11.0,10,unnamed
690360449368465409,the,9.0,10,unnamed
690348396616552449,Oddie,12.0,10,unnamed
690248561355657216,Maxwell,11.0,10,unnamed
690021994562220032,Geoff,10.0,10,unnamed
690005060500217858,None,10.0,10,unnamed
689999384604450816,Covach,10.0,10,unnamed
689977555533848577,None,12.0,10,unnamed
689877686181715968,Durg,9.0,10,unnamed
689835978131935233,Fynn,11.0,10,unnamed
689661964914655233,Luca,12.0,10,unnamed
689659372465688576,Ricky,8.0,10,unnamed
689599056876867584,None,11.0,10,unnamed
689557536375177216,None,12.0,10,unnamed
689517482558820352,Carl,12.0,10,unnamed
689289219123089408,None,13.0,10,unnamed
689283819090870273,Chipson,9.0,10,unnamed
689280876073582592,Herald,10.0,10,unnamed
689275259254616065,Lucky,10.0,10,unnamed
689255633275777024,Ferg,10.0,10,unnamed
689154315265683456,None,9.0,10,unnamed
688908934925697024,Clarence,8.0,10,unnamed
688898160958271489,None,10.0,10,unnamed
688828561667567616,Brad,9.0,10,unnamed
688804835492233216,None,12.0,10,unnamed
688789766343622656,Pubert,8.0,10,unnamed
688547210804498433,Frönq,9.0,10,unnamed
688385280030670848,Louis,12.0,10,unnamed
688211956440801280,Derby,13.0,10,unnamed
688116655151435777,None,10.0,10,unnamed
688064179421470721,Kilo,11.0,10,unnamed
687841446767013888,None,13.0,10,unnamed
687826841265172480,Louis,12.0,10,unnamed
687807801670897665,Trooper,11.0,10,unnamed
687732144991551489,Ember,11.0,10,unnamed
687664829264453632,Opal,11.0,10,unnamed
687494652870668288,Marq,7.0,10,unnamed
687480748861947905,None,12.0,10,unnamed
687460506001633280,Kramer,10.0,10,unnamed
687399393394311168,Barry,10.0,10,unnamed
687317306314240000,Tyrone,11.0,10,unnamed
687127927494963200,Gordon,9.0,10,unnamed
687124485711986689,Samson,11.0,10,unnamed
687109925361856513,Baxter,11.0,10,unnamed
687102708889812993,None,5.0,10,unnamed
686947101016735744,Jackson,11.0,10,unnamed
686749460672679938,None,8.0,10,unnamed
686730991906516992,None,12.0,10,unnamed
686606069955735556,Horace,10.0,10,unnamed
686394059078897668,None,12.0,10,unnamed
686386521809772549,Crimson,11.0,10,unnamed
686358356425093120,None,10.0,10,unnamed
686286779679375361,None,12.0,10,unnamed
686050296934563840,Flávio,11.0,10,unnamed
686034024800862208,None,12.0,10,unnamed
686003207160610816,Hammond,3.0,10,unnamed
685973236358713344,Lorelei,11.0,10,unnamed
685906723014619143,Olive,9.0,10,unnamed
685663452032069632,Brooks,12.0,10,unnamed
685532292383666176,None,9.0,10,unnamed
685325112850124800,None,10.0,10,unnamed
685321586178670592,Rocky,10.0,10,unnamed
685315239903100929,None,11.0,10,unnamed
685198997565345792,Alfie,11.0,10,unnamed
684959798585110529,Jerry,5.0,10,unnamed
684940049151070208,Oreo,12.0,10,unnamed
684926975086034944,Bruiser,11.0,10,unnamed
684914660081053696,None,12.0,10,unnamed
684902183876321280,Perry,11.0,10,unnamed
684800227459624960,Theodore,11.0,10,unnamed
684594889858887680,None,10.0,10,unnamed
684567543613382656,Bobby,4.0,10,unnamed
684481074559381504,Pippa,10.0,10,unnamed
684460069371654144,Jeph,10.0,10,unnamed
684241637099323392,Obi,12.0,10,unnamed
684200372118904832,None,6.0,10,unnamed
684195085588783105,Tino,9.0,10,unnamed
684188786104872960,None,10.0,10,unnamed
684177701129875456,Kulet,10.0,10,unnamed
684122891630342144,None,11.0,10,unnamed
684097758874210310,Lupe,10.0,10,unnamed
683857920510050305,Sadie,10.0,10,unnamed
683852578183077888,Tiger,10.0,10,unnamed
683849932751646720,Jiminy,5.0,10,unnamed
683773439333797890,Buddy,9.0,10,unnamed
683742671509258241,Sebastian,11.0,10,unnamed
683515932363329536,None,11.0,10,unnamed
683498322573824003,Griffin,11.0,10,unnamed
683449695444799489,None,10.0,10,unnamed
683391852557561860,Jack,11.0,10,unnamed
683357973142474752,None,10.0,10,unnamed
683098815881154561,None,12.0,10,unnamed
683030066213818368,Lulu,10.0,10,unnamed
682750546109968385,Taco,9.0,10,unnamed
682697186228989953,None,12.0,10,unnamed
682662431982772225,Joey,11.0,10,unnamed
682638830361513985,None,12.0,10,unnamed
682429480204398592,None,8.0,10,unnamed
682393905736888321,Kreg,11.0,10,unnamed
682389078323662849,Brody,9.0,10,unnamed
682303737705140231,Todo,9.0,10,unnamed
682259524040966145,Jax,9.0,10,unnamed
682242692827447297,Samson,11.0,10,unnamed
682088079302213632,None,12.0,10,unnamed
682059653698686977,Tess,11.0,10,unnamed
682047327939461121,None,10.0,10,unnamed
682032003584274432,Ulysses,11.0,10,unnamed
682003177596559360,None,5.0,10,unnamed
681981167097122816,Jimothy,12.0,10,unnamed
681610798867845120,None,12.0,10,unnamed
681579835668455424,Apollo,8.0,10,unnamed
681523177663676416,Carly,12.0,10,unnamed
681339448655802368,Asher,9.0,10,unnamed
681320187870711809,Glacier,11.0,10,unnamed
681302363064414209,Chuck,3.0,10,unnamed
681297372102656000,actually,12.0,10,unnamed
681281657291280384,Sarge,11.0,10,unnamed
681261549936340994,Panda,9.0,10,unnamed
681242418453299201,Champ,10.0,10,unnamed
681193455364796417,Aspen,11.0,10,unnamed
680970795137544192,None,9.0,10,unnamed
680959110691590145,Ozzie,9.0,10,unnamed
680940246314430465,Alice,4.0,10,unnamed
680934982542561280,Sadie,10.0,10,unnamed
680913438424612864,Griswold,11.0,10,unnamed
680889648562991104,Cheesy,9.0,10,unnamed
680805554198020098,None,9.0,10,unnamed
680801747103793152,None,10.0,10,unnamed
680798457301471234,Moofasa,6.0,10,unnamed
680609293079592961,Brody,9.0,10,unnamed
680583894916304897,Penny,8.0,10,unnamed
680497766108381184,Percy,12.0,10,unnamed
680494726643068929,None,11.26,10,unnamed
680440374763077632,None,11.0,10,unnamed
680221482581123072,CeCe,10.0,10,unnamed
680206703334408192,Toby,12.0,10,unnamed
680161097740095489,Goliath,12.0,10,unnamed
680130881361686529,Reggie,10.0,10,unnamed
680115823365742593,Ozzy,9.0,10,unnamed
680085611152338944,by,12.0,10,unnamed
680070545539371008,Emmie,9.0,10,unnamed
679877062409191424,Penelope,5.0,10,unnamed
679872969355714560,Rocco,10.0,10,unnamed
679862121895714818,None,11.0,10,unnamed
679854723806179328,Bruce,7.0,10,unnamed
679844490799091713,Willie,10.0,10,unnamed
679736210798047232,None,9.0,10,unnamed
679729593985699840,Hunter,8.0,10,unnamed
679722016581222400,Mike,8.0,10,unnamed
679530280114372609,a,7.0,10,unnamed
679511351870550016,William,7.0,10,unnamed
679475951516934144,Evy,9.0,10,unnamed
679462823135686656,Hurley,11.0,10,unnamed
679405845277462528,None,10.0,10,unnamed
679158373988876288,Rubio,11.0,10,unnamed
679148763231985668,None,8.0,10,unnamed
679132435750195208,Louis,10.0,10,unnamed
679111216690831360,officially,12.0,10,unnamed
679062614270468097,Chompsky,11.0,10,unnamed
679047485189439488,None,9.0,10,unnamed
679001094530465792,Rascal,11.0,10,unnamed
678991772295516161,None,12.0,10,unnamed
678969228704284672,Lola,11.0,10,unnamed
678798276842360832,Linda,7.0,10,unnamed
678774928607469569,Tug,11.0,10,unnamed
678767140346941444,Mia,8.0,10,unnamed
678764513869611008,Wilson,10.0,10,unnamed
678755239630127104,Dash,10.0,10,unnamed
678740035362037760,Tango,6.0,10,unnamed
678675843183484930,None,2.0,10,unnamed
678643457146150913,Grizz,10.0,10,unnamed
678446151570427904,None,10.0,10,unnamed
678424312106393600,Crystal,2.0,10,unnamed
678410210315247616,Jerome,10.0,10,unnamed
678399652199309312,None,12.0,10,unnamed
678396796259975168,None,12.0,10,unnamed
678380236862578688,Crumpet,10.0,10,unnamed
678334497360859136,Rosie,10.0,10,unnamed
678255464182861824,Jessifer,9.0,10,unnamed
678021115718029313,Reese,12.0,10,unnamed
677961670166224897,Izzy,11.0,10,unnamed
677918531514703872,None,10.0,10,unnamed
677895101218201600,None,9.0,10,unnamed
677700003327029250,Ralph,10.0,10,unnamed
677698403548192770,Sadie,9.0,10,unnamed
677687604918272002,None,11.0,10,unnamed
677673981332312066,None,9.0,10,unnamed
677662372920729601,None,12.0,10,unnamed
677644091929329666,a,11.0,10,unnamed
677573743309385728,Sandy,10.0,10,unnamed
677565715327688705,None,6.0,10,unnamed
677547928504967168,None,12.0,10,unnamed
677530072887205888,Axel,9.0,10,unnamed
677335745548390400,None,12.0,10,unnamed
677334615166730240,None,9.0,10,unnamed
677331501395156992,Humphrey,9.0,10,unnamed
677328882937298944,Derek,10.0,10,unnamed
677314812125323265,Tassy,10.0,10,unnamed
677301033169788928,Juckson,5.0,10,unnamed
677228873407442944,Chuq,11.0,10,unnamed
677187300187611136,None,9.0,10,unnamed
676975532580409345,Cooper,11.0,10,unnamed
676957860086095872,None,10.0,10,unnamed
676949632774234114,Tyrus,8.0,10,unnamed
676948236477857792,Karl,6.0,10,unnamed
676946864479084545,None,12.0,10,unnamed
676942428000112642,None,9.0,10,unnamed
676897532954456065,None,5.0,10,unnamed
676864501615042560,Ash,10.0,10,unnamed
676821958043033607,None,11.0,10,unnamed
676811746707918848,Penny,9.0,10,unnamed
676776431406465024,None,10.0,10,unnamed
676613908052996102,the,12.0,10,unnamed
676606785097199616,None,12.0,10,unnamed
676588346097852417,Bubbles,5.0,10,unnamed
676582956622721024,Vinnie,8.0,10,unnamed
676533798876651520,None,12.0,10,unnamed
676496375194980353,Griffin,9.0,10,unnamed
676440007570247681,None,11.0,10,unnamed
676430933382295552,Duke,10.0,10,unnamed
676237365392908289,Winston,8.0,10,unnamed
676219687039057920,Kenneth,10.0,10,unnamed
676215927814406144,Herm,9.0,10,unnamed
676191832485810177,None,10.0,10,unnamed
676146341966438401,Bert,10.0,10,unnamed
676121918416756736,None,8.0,10,unnamed
676101918813499392,Striker,11.0,10,unnamed
676098748976615425,None,3.0,10,unnamed
676089483918516224,None,9.0,10,unnamed
675891555769696257,Donny,6.0,10,unnamed
675888385639251968,None,10.0,10,unnamed
675878199931371520,None,11.0,10,unnamed
675822767435051008,None,10.0,10,unnamed
675820929667219457,None,11.0,10,unnamed
675798442703122432,Bernie,10.0,10,unnamed
675781562965868544,Buddah,11.0,10,unnamed
675710890956750848,Lenny,12.0,10,unnamed
675706639471788032,a,10.0,10,unnamed
675534494439489536,a,11.0,10,unnamed
675531475945709568,Ellie,10.0,10,unnamed
675522403582218240,Sammy,10.0,10,unnamed
675517828909424640,None,12.0,10,unnamed
675501075957489664,None,13.0,10,unnamed
675497103322386432,Reggie,11.0,10,unnamed
675489971617296384,None,10.0,10,unnamed
675483430902214656,None,5.0,10,unnamed
675432746517426176,None,12.0,10,unnamed
675372240448454658,None,13.0,10,unnamed
675362609739206656,Daisy,12.0,10,unnamed
675354435921575936,None,13.0,10,unnamed
675166823650848770,Arnold,10.0,10,unnamed
675153376133427200,None,1.0,10,unnamed
675149409102012420,None,12.0,10,unnamed
675147105808306176,None,10.0,10,unnamed
675146535592706048,Coops,7.0,10,unnamed
675145476954566656,None,9.0,10,unnamed
675135153782571009,Steven,5.0,10,unnamed
675111688094527488,Oliver,8.0,10,unnamed
675109292475830276,a,9.0,10,unnamed
675047298674663426,a,11.0,10,unnamed
675015141583413248,Moe,10.0,10,unnamed
675003128568291329,Laela,12.0,10,unnamed
674805413498527744,None,10.0,10,unnamed
674800520222154752,Tedders,11.0,10,unnamed
674790488185167872,None,13.0,10,unnamed
674788554665512960,Maggie,9.0,10,unnamed
674781762103414784,None,8.0,10,unnamed
674767892831932416,None,12.0,10,unnamed
674764817387900928,None,10.0,10,unnamed
674752233200820224,None,12.0,10,unnamed
674743008475090944,Sophie,10.0,10,unnamed
674739953134403584,None,11.0,10,unnamed
674690135443775488,Patrick,3.0,10,unnamed
674670581682434048,Jeb,9.0,10,unnamed
674664755118911488,Rodman,10.0,10,unnamed
674646392044941312,None,5.0,10,unnamed
674644256330530816,None,11.0,10,unnamed
674632714662858753,None,5.0,10,unnamed
674468880899788800,Louis,13.0,10,unnamed
674436901579923456,Bailey,9.0,10,unnamed
674422304705744896,Ava,12.0,10,unnamed
674416750885273600,Jonah,10.0,10,unnamed
674410619106390016,Lenny,10.0,10,unnamed
674394782723014656,Gary,8.0,10,unnamed
674372068062928900,Chesney,10.0,10,unnamed
674307341513269249,life,12.0,10,unnamed
674291837063053312,Kenny,11.0,10,unnamed
674271431610523648,None,10.0,10,unnamed
674269164442398721,Bob,8.0,10,unnamed
674265582246694913,Henry,2.0,10,unnamed
674255168825880576,Bobbay,10.0,10,unnamed
674082852460433408,a,11.0,10,unnamed
674075285688614912,Mitch,11.0,10,unnamed
674063288070742018,Earl,5.0,10,unnamed
674053186244734976,Stanley,10.0,10,unnamed
674051556661161984,Lucy,10.0,10,unnamed
674045139690631169,None,3.0,10,unnamed
674042553264685056,None,12.0,10,unnamed
674036086168010753,Daisy,9.0,10,unnamed
674024893172875264,None,10.0,10,unnamed
674019345211760640,Acro,10.0,10,unnamed
674014384960745472,Aiden,11.0,10,unnamed
674008982932058114,None,10.0,10,unnamed
673906403526995968,None,3.0,10,unnamed
673887867907739649,None,10.0,10,unnamed
673715861853720576,a,4.0,10,unnamed
673711475735838725,None,10.0,10,unnamed
673709992831262724,None,12.0,10,unnamed
673708611235921920,Riley,12.0,10,unnamed
673705679337693185,Dot,8.0,10,unnamed
673700254269775872,None,3.0,10,unnamed
673689733134946305,None,11.0,10,unnamed
673688752737402881,Larry,9.0,10,unnamed
673686845050527744,George,11.0,10,unnamed
673680198160809984,Shnuggles,13.0,10,unnamed
673662677122719744,Kendall,12.0,10,unnamed
673636718965334016,a,10.0,10,unnamed
673583129559498752,Sandy,11.0,10,unnamed
673580926094458881,None,8.0,10,unnamed
673576835670777856,None,7.0,10,unnamed
673359818736984064,Steve,8.0,10,unnamed
673355879178194945,Koda,11.0,10,unnamed
673352124999274496,None,12.0,10,unnamed
673350198937153538,Bella,9.0,10,unnamed
673345638550134785,Gerald,7.0,10,unnamed
673343217010679808,None,11.0,10,unnamed
673320132811366400,Frankie,11.0,10,unnamed
673317986296586240,None,10.0,10,unnamed
673270968295534593,Mac,11.0,10,unnamed
673240798075449344,None,6.0,10,unnamed
673213039743795200,Dexter,10.0,10,unnamed
672997845381865473,Kenzie,12.0,10,unnamed
672995267319328768,Pumpkin,8.0,10,unnamed
672984142909456390,None,9.0,10,unnamed
672980819271634944,None,5.0,10,unnamed
672968025906282496,Gustaf,11.0,10,unnamed
672964561327235073,Terry,10.0,10,unnamed
672902681409806336,Jimison,9.0,10,unnamed
672884426393653248,None,6.0,10,unnamed
672877615439593473,Oscar,8.0,10,unnamed
672834301050937345,Ed,10.0,10,unnamed
672828477930868736,Jerry,9.0,10,unnamed
672640509974827008,Leonidas,9.0,10,unnamed
672609152938721280,Caryl,9.0,10,unnamed
672604026190569472,a,11.0,10,unnamed
672591762242805761,Taz,10.0,10,unnamed
672591271085670400,None,8.0,10,unnamed
672538107540070400,Darby,7.0,10,unnamed
672523490734551040,None,10.0,10,unnamed
672488522314567680,Jackie,10.0,10,unnamed
672482722825261057,light,10.0,10,unnamed
672475084225949696,Buddy,8.0,10,unnamed
672466075045466113,Franq,12.0,10,unnamed
672272411274932228,Pippin,11.0,10,unnamed
672267570918129665,None,10.0,10,unnamed
672264251789176834,Kreg,10.0,10,unnamed
672256522047614977,None,8.0,10,unnamed
672248013293752320,None,10.0,10,unnamed
672245253877968896,Snickers,12.0,10,unnamed
672239279297454080,Ridley,7.0,10,unnamed
672231046314901505,None,5.0,10,unnamed
672222792075620352,Cal,9.0,10,unnamed
672169685991993344,Bradley,10.0,10,unnamed
672139350159835138,None,12.0,10,unnamed
672125275208069120,just,11.0,10,unnamed
672095186491711488,Tuco,9.0,10,unnamed
672082170312290304,Patch,11.0,10,unnamed
672068090318987265,Gizmo,7.0,10,unnamed
671896809300709376,Lola,10.0,10,unnamed
671891728106971137,Mojo,11.0,10,unnamed
671882082306625538,Batdog,11.0,10,unnamed
671879137494245376,Brad,5.0,10,unnamed
671874878652489728,Mia,10.0,10,unnamed
671866342182637568,Dylan,10.0,10,unnamed
671855973984772097,None,8.0,10,unnamed
671789708968640512,space,13.0,10,unnamed
671768281401958400,None,10.0,10,unnamed
671763349865160704,Mark,9.0,10,unnamed
671744970634719232,None,6.0,10,unnamed
671743150407421952,a,11.0,10,unnamed
671735591348891648,Oscar,11.0,10,unnamed
671561002136281088,the,13.0,10,unnamed
671547767500775424,Marley,10.0,10,unnamed
671544874165002241,None,6.0,10,unnamed
671542985629241344,JD,10.0,10,unnamed
671538301157904385,Baxter,8.0,10,unnamed
671536543010570240,Reginald,9.0,10,unnamed
671533943490011136,None,6.0,10,unnamed
671528761649688577,Jax,10.0,10,unnamed
671520732782923777,Alejandro,10.0,10,unnamed
671518598289059840,Scruffers,9.0,10,unnamed
671511350426865664,Hammond,8.0,10,unnamed
671504605491109889,Charlie,11.0,10,unnamed
671497587707535361,Pip,11.0,10,unnamed
671488513339211776,Julius,8.0,10,unnamed
671486386088865792,Malcolm,10.0,10,unnamed
671485057807351808,Penelope,11.0,10,unnamed
671390180817915904,None,7.0,10,unnamed
671362598324076544,Tanner,11.0,10,unnamed
671357843010908160,None,9.0,10,unnamed
671355857343524864,Lou,10.0,10,unnamed
671347597085433856,Lola,9.0,10,unnamed
671186162933985280,Sparky,10.0,10,unnamed
671182547775299584,None,12.0,10,unnamed
671166507850801152,Herm,10.0,10,unnamed
671163268581498880,None,8.0,10,unnamed
671159727754231808,Anthony,5.0,10,unnamed
671154572044468225,Holly,11.0,10,unnamed
671151324042559489,None,12.0,10,unnamed
671147085991960577,a,9.0,10,unnamed
671141549288370177,None,9.0,10,unnamed
671138694582165504,None,10.0,10,unnamed
671134062904504320,Clarence,8.0,10,unnamed
671122204919246848,None,4.0,10,unnamed
671115716440031232,Phred,6.0,10,unnamed
671109016219725825,Toby,8.0,10,unnamed
670995969505435648,None,12.0,10,unnamed
670840546554966016,Colby,10.0,10,unnamed
670838202509447168,None,4.0,10,unnamed
670833812859932673,Jett,7.0,10,unnamed
670832455012716544,Amy,10.0,10,unnamed
670826280409919488,None,2.0,10,unnamed
670823764196741120,Remington,12.0,10,unnamed
670822709593571328,None,10.0,10,unnamed
670815497391357952,Sage,10.0,10,unnamed
670811965569282048,Maggie,10.0,10,unnamed
670807719151067136,Andy,11.0,10,unnamed
670804601705242624,Mason,10.0,10,unnamed
670803562457407488,None,10.0,10,unnamed
670797304698376195,Trigger,11.0,10,unnamed
670792680469889025,Antony,7.0,10,unnamed
670789397210615808,None,9.0,10,unnamed
670786190031921152,Creg,8.0,10,unnamed
670783437142401025,None,1.0,10,unnamed
670782429121134593,None,5.0,10,unnamed
670780561024270336,Traviss,7.0,10,unnamed
670778058496974848,None,10.0,10,unnamed
670764103623966721,Vincent,10.0,10,unnamed
670755717859713024,Gin,9.0,10,unnamed
670733412878163972,Jerry,8.0,10,unnamed
670727704916926465,Jeffrie,10.0,10,unnamed
670717338665226240,None,12.0,10,unnamed
670704688707301377,Danny,6.0,10,unnamed
670691627984359425,Ester,8.0,10,unnamed
670679630144274432,Pluto,8.0,10,unnamed
670676092097810432,Bloo,8.0,10,unnamed
670668383499735048,Phineas,10.0,10,unnamed
670474236058800128,None,10.0,10,unnamed
670468609693655041,Edd,10.0,10,unnamed
670465786746662913,None,7.0,10,unnamed
670452855871037440,None,11.0,10,unnamed
670449342516494336,None,5.0,10,unnamed
670444955656130560,Paull,10.0,10,unnamed
670442337873600512,Koda,11.0,10,unnamed
670435821946826752,None,10.0,10,unnamed
670434127938719744,Hank,11.0,10,unnamed
670433248821026816,Sam,10.0,10,unnamed
670428280563085312,Willy,11.0,10,unnamed
670427002554466305,a,9.0,10,unnamed
670421925039075328,Herb,12.0,10,unnamed
670420569653809152,Damon,10.0,10,unnamed
670417414769758208,None,6.0,10,unnamed
670411370698022913,Scooter,12.0,10,unnamed
670408998013820928,Peanut,10.0,10,unnamed
670403879788544000,Nigel,10.0,10,unnamed
670385711116361728,Larry,8.0,10,unnamed
670374371102445568,Daisy,12.0,10,unnamed
670361874861563904,a,9.0,10,unnamed
670338931251150849,Butters,10.0,10,unnamed
670319130621435904,None,11.0,10,unnamed
670303360680108032,a,9.0,10,unnamed
670290420111441920,Sandra,11.0,10,unnamed
670093938074779648,Wally,9.0,10,unnamed
670086499208155136,None,10.0,10,unnamed
670079681849372674,Fabio,10.0,10,unnamed
670073503555706880,Winston,10.0,10,unnamed
670069087419133954,Randall,5.0,10,unnamed
670061506722140161,Liam,11.0,10,unnamed
670055038660800512,Tommy,3.0,10,unnamed
670046952931721218,Ben,11.0,10,unnamed
670040295598354432,None,10.0,10,unnamed
670037189829525505,None,5.0,10,unnamed
670003130994700288,Raphael,10.0,10,unnamed
669993076832759809,Zoey,9.0,10,unnamed
669972011175813120,None,10.0,10,unnamed
669970042633789440,Julio,10.0,10,unnamed
669942763794931712,Andru,11.0,10,unnamed
669926384437997569,None,12.0,10,unnamed
669923323644657664,a,10.0,10,unnamed
669753178989142016,Chester,10.0,10,unnamed
669749430875258880,Clarence,8.0,10,unnamed
669683899023405056,Kloey,10.0,10,unnamed
669682095984410625,Louie,9.0,10,unnamed
669680153564442624,Shawwn,8.0,10,unnamed
669661792646373376,a,5.0,10,unnamed
669625907762618368,Penny,12.0,10,unnamed
669603084620980224,None,10.0,10,unnamed
669597912108789760,Skye,10.0,10,unnamed
669583744538451968,None,6.0,10,unnamed
669573570759163904,Linda,10.0,10,unnamed
669571471778410496,Keith,7.0,10,unnamed
669567591774625800,Kollin,9.0,10,unnamed
669564461267722241,a,10.0,10,unnamed
669393256313184256,Ronduh,10.0,10,unnamed
669375718304980992,Billl,6.0,10,unnamed
669371483794317312,Oliviér,10.0,10,unnamed
669367896104181761,Chip,10.0,10,unnamed
669363888236994561,None,10.0,10,unnamed
669359674819481600,Saydee,11.0,10,unnamed
669354382627049472,Dug,8.0,10,unnamed
669351434509529089,Sully,10.0,10,unnamed
669328503091937280,Kirk,12.0,10,unnamed
669327207240699904,None,13.0,10,unnamed
669324657376567296,Ralf,11.0,10,unnamed
669216679721873412,Clarq,8.0,10,unnamed
669214165781868544,Jaspers,10.0,10,unnamed
669203728096960512,Samsom,9.0,10,unnamed
669037058363662336,None,10.0,10,unnamed
669015743032369152,None,10.0,10,unnamed
669006782128353280,Tucker,12.0,10,unnamed
669000397445533696,Terrance,11.0,10,unnamed
668994913074286592,None,5.0,10,unnamed
668992363537309700,Harrison,8.0,10,unnamed
668989615043424256,Bernie,3.0,10,unnamed
668988183816871936,None,7.0,10,unnamed
668986018524233728,Ruby,9.0,10,unnamed
668981893510119424,None,4.0,10,unnamed
668979806671884288,Chaz,12.0,10,unnamed
668975677807423489,Jeremy,11.0,10,unnamed
668960084974809088,Jaycob,10.0,10,unnamed
668955713004314625,a,10.0,10,unnamed
668932921458302977,Herald,9.0,10,unnamed
668902994700836864,Lambeau,11.0,10,unnamed
668892474547511297,Ruffles,11.0,10,unnamed
668872652652679168,Amélie,11.0,10,unnamed
668852170888998912,Bobb,11.0,10,unnamed
668826086256599040,Banditt,10.0,10,unnamed
668815180734689280,a,7.0,10,unnamed
668779399630725120,Kevon,10.0,10,unnamed
668655139528511488,Winifred,11.0,10,unnamed
668645506898350081,None,11.0,10,unnamed
668643542311546881,None,3.0,10,unnamed
668641109086707712,Hanz,10.0,10,unnamed
668636665813057536,an,10.0,10,unnamed
668633411083464705,Churlie,10.0,10,unnamed
668631377374486528,Zeek,5.0,10,unnamed
668627278264475648,Timofy,9.0,10,unnamed
668625577880875008,Maks,10.0,10,unnamed
668623201287675904,Jomathan,10.0,10,unnamed
668620235289837568,Kallie,10.0,10,unnamed
668614819948453888,a,7.0,10,unnamed
668587383441514497,the,13.0,10,unnamed
668567822092664832,Marvin,11.0,10,unnamed
668544745690562560,None,10.0,10,unnamed
668542336805281792,None,10.0,10,unnamed
668537837512433665,Spark,8.0,10,unnamed
668528771708952576,Gòrdón,12.0,10,unnamed
668507509523615744,a,10.0,10,unnamed
668496999348633600,Jo,8.0,10,unnamed
668484198282485761,None,9.0,10,unnamed
668480044826800133,DayZ,11.0,10,unnamed
668466899341221888,a,4.0,10,unnamed
668297328638447616,None,9.0,10,unnamed
668291999406125056,None,10.0,10,unnamed
668286279830867968,Rusty,11.0,10,unnamed
668274247790391296,Sophie,10.0,10,unnamed
668268907921326080,None,10.0,10,unnamed
668256321989451776,Jareld,13.0,10,unnamed
668248472370458624,Bisquick,8.0,10,unnamed
668237644992782336,Torque,10.0,10,unnamed
668226093875376128,None,10.0,10,unnamed
668221241640230912,None,10.0,10,unnamed
668204964695683073,Ron,8.0,10,unnamed
668190681446379520,Skittles,12.0,10,unnamed
668171859951755264,a,7.0,10,unnamed
668154635664932864,None,9.0,10,unnamed
668142349051129856,None,2.0,10,unnamed
668113020489474048,Alfie,6.0,10,unnamed
667937095915278337,None,3.0,10,unnamed
667924896115245057,Jiminy,9.0,10,unnamed
667915453470232577,Otis,10.0,10,unnamed
667911425562669056,None,5.0,10,unnamed
667902449697558528,Cleopatricia,9.0,10,unnamed
667886921285246976,Erik,11.0,10,unnamed
667885044254572545,Stu,10.0,10,unnamed
667878741721415682,Tedrick,2.0,10,unnamed
667873844930215936,None,10.0,10,unnamed
667866724293877760,Shaggy,10.0,10,unnamed
667861340749471744,a,9.0,10,unnamed
667832474953625600,None,12.0,10,unnamed
667806454573760512,Filup,10.0,10,unnamed
667801013445750784,None,12.0,10,unnamed
667793409583771648,None,8.0,10,unnamed
667782464991965184,None,9.0,10,unnamed
667773195014021121,a,8.0,10,unnamed
667766675769573376,Calvin,9.0,10,unnamed
667728196545200128,Olive,11.0,10,unnamed
667724302356258817,None,7.0,10,unnamed
667549055577362432,None,1.0,10,unnamed
667546741521195010,George,9.0,10,unnamed
667544320556335104,Kial,10.0,10,unnamed
667538891197542400,a,9.0,10,unnamed
667534815156183040,Frank,8.0,10,unnamed
667530908589760512,Naphaniel,10.0,10,unnamed
667524857454854144,None,12.0,10,unnamed
667517642048163840,Dook,8.0,10,unnamed
667509364010450944,None,12.0,10,unnamed
667502640335572993,Hall,11.0,10,unnamed
667495797102141441,Philippe,9.0,10,unnamed
667491009379606528,None,7.0,10,unnamed
667470559035432960,a,11.0,10,unnamed
667455448082227200,Reese,7.0,10,unnamed
667453023279554560,Cupcake,11.0,10,unnamed
667443425659232256,None,6.0,10,unnamed
667437278097252352,None,10.0,10,unnamed
667435689202614272,None,12.0,10,unnamed
667405339315146752,Biden,7.0,10,unnamed
667393430834667520,Fwed,8.0,10,unnamed
667369227918143488,None,10.0,10,unnamed
667211855547486208,Genevieve,9.0,10,unnamed
667200525029539841,Joshwa,11.0,10,unnamed
667192066997374976,None,12.0,10,unnamed
667188689915760640,None,10.0,10,unnamed
667182792070062081,Timison,10.0,10,unnamed
667177989038297088,a,8.0,10,unnamed
667176164155375616,None,4.0,10,unnamed
667174963120574464,Clarence,9.0,10,unnamed
667171260800061440,Kenneth,10.0,10,unnamed
667165590075940865,Churlie,10.0,10,unnamed
667160273090932737,Bradlay,11.0,10,unnamed
667152164079423490,Pipsy,12.0,10,unnamed
667138269671505920,None,10.0,10,unnamed
667119796878725120,Gabe,10.0,10,unnamed
667090893657276420,Clybe,7.0,10,unnamed
667073648344346624,Dave,10.0,10,unnamed
667065535570550784,None,8.0,10,unnamed
667062181243039745,Keet,10.0,10,unnamed
667044094246576128,None,12.0,10,unnamed
667012601033924608,Klevin,9.0,10,unnamed
666996132027977728,Carll,10.0,10,unnamed
666983947667116034,a,11.0,10,unnamed
666837028449972224,None,3.0,10,unnamed
666835007768551424,None,10.0,10,unnamed
666826780179869698,None,12.0,10,unnamed
666817836334096384,Jeph,9.0,10,unnamed
666804364988780544,Jockson,8.0,10,unnamed
666786068205871104,None,2.0,10,unnamed
666781792255496192,a,10.0,10,unnamed
666776908487630848,Josep,5.0,10,unnamed
666739327293083650,Lugan,10.0,10,unnamed
666701168228331520,a,8.0,10,unnamed
666691418707132416,Christoper,8.0,10,unnamed
666649482315059201,None,4.0,10,unnamed
666644823164719104,Jimothy,9.0,10,unnamed
666454714377183233,Kreggory,10.0,10,unnamed
666447344410484738,Scout,9.0,10,unnamed
666437273139982337,None,7.0,10,unnamed
666435652385423360,None,10.0,10,unnamed
666430724426358785,None,6.0,10,unnamed
666428276349472768,None,7.0,10,unnamed
666421158376562688,None,12.0,10,unnamed
666418789513326592,Walter,10.0,10,unnamed
666411507551481857,quite,2.0,10,unnamed
666407126856765440,a,7.0,10,unnamed
666396247373291520,None,9.0,10,unnamed
666373753744588802,None,11.0,10,unnamed
666362758909284353,None,6.0,10,unnamed
666353288456101888,None,8.0,10,unnamed
666345417576210432,None,10.0,10,unnamed
666337882303524864,an,9.0,10,unnamed
666293911632134144,a,3.0,10,unnamed
666273097616637952,None,11.0,10,unnamed
666268910803644416,None,10.0,10,unnamed
666104133288665088,None,1.0,10,unnamed
666102155909144576,None,11.0,10,unnamed
666099513787052032,None,8.0,10,unnamed
666094000022159362,None,9.0,10,unnamed
666082916733198337,None,6.0,10,unnamed
666073100786774016,None,10.0,10,unnamed
666071193221509120,None,9.0,10,unnamed
666063827256086533,the,10.0,10,unnamed
666058600524156928,the,8.0,10,unnamed
666057090499244032,a,9.0,10,unnamed
666055525042405380,a,10.0,10,unnamed
666051853826850816,an,2.0,10,unnamed
666050758794694657,a,10.0,10,unnamed
666049248165822465,None,5.0,10,unnamed
666044226329800704,a,6.0,10,unnamed
666033412701032449,a,9.0,10,unnamed
666029285002620928,a,7.0,10,unnamed
666020888022790149,None,8.0,10,unnamed
